route_order,candidate_view_id,camera_x,camera_y,camera_z,target_x,target_y,target_z,view_dir_x,view_dir_y,view_dir_z,qw,qx,qy,qz,region_type,priority_score,newly_covered_points,cumulative_coverage_ratio,transition_distance
0,8,47.71628062921304,30.506112886458897,40.53498094757777,43.513979592367065,12.33006159863405,33.32583220600752,-0.21011505184229867,-0.9088025643912424,-0.36045743707851263,0.5618381347452385,0.8194434093814241,-0.09349447770111487,-0.0641029781424775,boundary_high_curvature,0.965483110651088,73,0.0146,0.0
1,9,52.75027277677305,22.834622644207595,42.13785816991861,43.43366386225432,11.922187762525859,28.205178481970357,-0.46583044572593657,-0.5456217440840868,-0.6966339843974125,0.36540518239594905,0.8641424097162241,-0.31870815478826997,-0.13476668905733685,boundary_high_curvature,0.9647907445492272,47,0.024,9.314615121869066
2,11,53.791954381375476,30.932275518478043,60.99488236610449,44.213041959236506,14.152837927227887,55.82817055583937,-0.4789456211069483,-0.8389718795625076,-0.25833559051325594,0.5885923448102055,0.766671166121189,-0.2034284107370555,-0.15617700334619103,boundary_high_curvature,0.9591553432714064,80,0.04,20.548587400916087
3,42,46.03321738960446,-4.614417021362167,66.37708703765679,44.31091834640077,14.618528682128366,61.16868175654005,-0.08611495216018454,0.9616472851745266,-0.26042026405583696,-0.02714620002854203,-0.03543841027217458,0.7930663598371195,0.6074972854228173,boundary_high_curvature,0.7819639113494458,32,0.0464,36.77952524647221
4,31,43.78853257793197,-5.974050471484992,58.69856432958264,45.103916031353016,13.325458743629904,53.619321233789584,0.06576917267105245,0.9649754607557448,-0.25396215478965267,0.02077718077828241,0.0269369489812011,0.7913630508018494,0.610399239321348,boundary_high_curvature,0.8614149617130334,16,0.0496,8.114611759095842
5,116,30.660793924667715,-8.773236093871958,63.94063771601516,26.03896619596172,10.68336577603014,63.658942628577265,-0.23109138643529975,0.9728300934951049,-0.014084754371894803,-0.08168854698382438,-0.0828473281498265,0.7072331280450473,0.6973410959535686,surface,0.1182123685438349,60,0.0616,14.410145581698
6,143,29.999416371157995,-8.990464042757832,58.18719376027705,25.942734952778338,10.592862977179418,57.99578137831369,-0.20283407091898287,0.9791663509968626,-0.00957061909816801,-0.07174580125692966,-0.07243577050920114,0.7067802831855331,0.7000480201049906,surface,0.11369039758885237,44,0.0704,5.7954055597415355
7,73,31.477457180485384,-9.229257512328148,34.46399844430422,29.821043374742974,10.692919785516887,33.861383295661334,-0.08282069028712051,0.9961088648922518,-0.03013075743214415,-0.02887495688954354,-0.02975849258914614,0.7170633241457088,0.6957735681588909,boundary,0.3623836450824426,67,0.0838,23.77039383255864
8,122,20.453749313949775,-10.63140492953275,32.91589139641693,16.867483080200014,9.032633698042766,33.597271873011586,-0.17931331168748804,0.9832019313787758,0.03406902382973272,-0.06476844917272442,-0.06259819069167478,0.692132180011349,0.7161281728200801,surface,0.11683734644198496,71,0.098,11.219839033516074
9,64,25.29791288145548,-9.854555092249505,21.406614013542843,24.07569062202622,10.108064257640436,21.407813994962492,-0.06111111297146312,0.998130967494497,5.999907098246382e-05,-0.021616792367446076,-0.021615495418893096,0.7067550996082763,0.7067975055298611,boundary,0.36335436321135,61,0.1102,12.511310171775522
10,141,36.45281222474541,-15.450000286102295,11.015752384798152,36.45281222474541,4.549999713897705,11.015752384798152,0.0,1.0,0.0,0.0,0.0,0.7071067811865475,0.7071067811865476,surface,0.11393796613255293,40,0.1182,16.239174599223297
11,15,38.594715084384994,1.1495099291611837,3.4649477149611165,43.945011804774545,10.272493980401563,20.43979637421586,0.26751483601947756,0.45614920256201896,0.8487424329627371,0.251999314073201,0.07208081844598307,0.2653924247803405,0.927829489824507,boundary_high_curvature,0.9449981804125104,53,0.1288,18.361539652458383
12,46,38.70010030353004,3.0120478679215577,2.4730251421957377,49.21667152154466,14.070757589431658,15.399999618530272,0.5258285609007309,0.552935486075505,0.6463487238167267,0.33664841291996306,0.15602826185899354,0.39048792502828816,0.8425213397812743,boundary_high_curvature,0.7555402408818452,25,0.1338,2.1128331709099704
13,81,47.054084419032094,0.8350285852820019,-5.624605917638571,49.8282810490134,16.134589743266147,6.954235898335713,0.1387098314990652,0.7649780578992073,0.6289420907987142,0.08083333094807084,0.038579669184116296,0.42899949152217776,0.898853168213361,high_curvature,0.33814865343700296,56,0.145,11.836388483834009
14,94,67.1579570396283,5.839878391867115,-4.390876434810796,49.28043113676854,13.40036429613513,0.4291983036080227,-0.8938762951429876,0.37802429521340064,0.24100373692094085,-0.43520863651714314,-0.3403539375769762,0.5134757333266855,0.6565784881957066,high_curvature,0.29934963172907486,34,0.1518,20.754187634509602
15,146,42.259001218567235,18.229011820386365,-5.885863652569183,42.259001218567235,1.648259801032129,5.297993574375395,0.0,-0.8290376009677118,0.5591928613472289,0.8829475809319682,0.46947158521723714,0.0,0.0,surface,0.11324727221738287,47,0.1612,27.85109719328962
16,132,47.68650443324448,32.3679078775547,-12.941703280208706,47.7467944434842,17.915894205817818,0.8834790313051479,0.003014500511985929,-0.7226006835868442,0.6912591155756928,0.9195791856221389,0.3928991862786923,0.0008195326077184091,0.0019181132318811139,surface,0.11531554832127332,23,0.1658,16.707813911811154
17,112,39.20273827919918,32.1019953020072,-13.21398449417799,39.31757296792478,17.901906747057986,0.8694915691334307,0.005741734436280055,-0.7100044277474605,0.704173803165571,0.9230779875413343,0.3845915758733165,0.0015550512832543705,0.0037323584267556654,surface,0.12164880553812488,42,0.1742,8.492298553032592
18,95,37.29695055748824,19.639212344674803,2.465197167045524,39.58437406233745,4.549999713897705,15.391269884335188,0.11437117524246077,-0.7544606315388549,0.6463036358644831,0.904711379451301,0.4193439502546877,0.03160432648471434,0.06818458640752875,high_curvature,0.29829298091577605,25,0.1792,20.11938675624699
19,1,38.99421958344343,23.924597261556546,7.149170793099888,41.92828039023922,10.447406749364628,21.63214780337333,0.1467030403397896,-0.6738595256095958,0.7241488505136721,0.9231517131730678,0.3692522076630928,0.039728854490108725,0.09932441654732237,boundary_high_curvature,0.9917375801415321,11,0.1814,6.571518466981379
20,124,41.04058790143955,34.34818165058299,10.96997893294907,41.10131100539484,14.349999427795408,10.707261425293005,0.0030361551977645,-0.9999091111393786,-0.013135875382803251,0.7024463858303587,0.7117350420424968,0.0010805647445162223,0.0010664625943706228,surface,0.11674418565031099,36,0.1886,11.288813473948082
21,125,35.82880050000575,34.34999942779541,13.5698323563135,35.82880050000575,14.34999942779541,13.569832356313498,0.0,-1.0,-8.881784197001253e-17,0.7071067811865475,0.7071067811865476,0.0,0.0,surface,0.1166503073764695,28,0.1942,5.824256952181784
22,88,23.28479853872389,23.152913471064714,7.629563532831107,21.669478554801806,4.549999713897705,14.793524803870234,-0.08076599919610422,-0.9301456878583503,0.35819806355195627,0.823301992579211,0.565950078629691,-0.02452502238670752,-0.03567717465101306,high_curvature,0.31037667364763033,51,0.2044,17.832933376825466
23,87,11.292503338234425,23.084645171771264,7.475704406484441,11.1195688258988,4.549999713897705,14.988161488250059,-0.008646725616781302,-0.9267322728936778,0.37562285408828083,0.8293349496005318,0.558732296353796,-0.002606523944561301,-0.0038689036203959177,high_curvature,0.3161258289664733,47,0.2138,11.99347645043468
24,136,12.306862170558789,34.34999942779541,12.720673385556964,12.306862170558796,14.34999942779541,12.720673385556958,3.552713678800501e-16,-1.0,-2.6645352591003756e-16,0.7071067811865475,0.7071067811865476,1.2560739669470203e-16,1.2560739669470198e-16,surface,0.11474302190171182,46,0.223,12.46783180612687
25,113,13.064530293370462,32.60770321249369,20.605583696755662,16.764570322234533,12.961359315767549,20.030366106295148,0.18500200144320356,-0.9823171948363069,-0.028760879523025723,0.6938477587692057,0.714098838731944,0.06665799489335121,0.06476764539055953,surface,0.1212849686900494,64,0.2358,8.110577519623817
26,69,30.410355221851113,33.3735665860264,20.124396643173057,29.021646202430933,13.426555328813128,20.558250494127595,-0.06943545097100899,-0.9973505628606636,0.021692692547726905,0.7143035616480735,0.6989728723007734,-0.02430180062759465,-0.024834816100391656,boundary,0.3627183135427244,50,0.2458,17.369390609257287
27,121,39.88448007840998,32.22591837642429,18.308678550323314,36.7142932037146,12.514235986280731,19.491680042128593,-0.1585093437347691,-0.985584119507178,0.05915007459026391,0.7254072140168001,0.6836964062010501,-0.05462771139848979,-0.0579604274269643,surface,0.11688824268323139,44,0.2546,9.714575153004448
28,120,39.544605986213874,30.70510594713366,24.106905342756626,39.51174998428752,10.76021183710082,25.590185297018362,-0.0016428000963177424,-0.997244705501642,0.0741639977130868,0.732858536474788,0.6803805457874049,-0.0005604083238969881,-0.0006036328149331961,surface,0.11748611884989478,23,0.2592,6.003983575937103
29,150,37.88130600904332,31.053965285346496,29.55193500653087,38.33609009353355,11.100620119761565,30.839253203218437,0.02273920422451141,-0.9976672582792464,0.06436590983437841,0.7294613530561198,0.6839271247074332,0.00779314905760402,0.008311998238934694,surface,0.11269869290763239,39,0.267,5.704087805363387
30,159,35.51962658124331,33.56830065203085,35.87139223803022,34.31806239048838,13.618968472029794,36.6332249411021,-0.060078209537746466,-0.9974666090000527,0.038091635153594074,0.7201224566225175,0.6931949007236989,-0.020856942102431542,-0.021667142053059148,surface,0.11133719426423994,51,0.2772,7.199649419006661
31,63,28.636827052256915,33.79291969385055,37.07431618531172,28.87863590971789,13.797566546655418,37.43122092807542,0.0120904428730487,-0.9997676573597565,0.017845237138184797,0.7133750861494864,0.7007563262511968,0.004237056741884581,0.004313354878195811,boundary,0.3637545440488828,31,0.2834,6.990737378353347
32,53,15.974339253015224,32.83069760444662,33.94216644215713,19.304232244663893,13.113547212391536,33.560337840227774,0.16649464958243346,-0.9858575196027539,-0.01909143009646783,0.697875515715378,0.71132860264009,0.05964339120414735,0.05851537846379649,boundary,0.36586715772420303,40,0.2914,13.0795577382733
33,48,0.689612839153634,27.90429423410852,30.759139349346103,10.344212642848746,10.412536983119377,29.849671976121947,0.4827299901847555,-0.874587862549457,-0.045473368661207825,0.6689933683516529,0.7001390082890583,0.18039416122097154,0.17236933825627393,boundary,0.3723644620996295,44,0.3002,16.371437725118884
34,76,11.19924339185555,27.93760007964848,43.24056594288432,15.533130367552113,8.42624570194722,42.516360150553425,0.21669434878482816,-0.975567718885063,-0.0362102896165446,0.6900450822572248,0.7155010455425713,0.07850731581043716,0.07571419711221622,boundary,0.36204873257073067,51,0.3104,16.316845695278104
35,61,18.84906751174304,33.159578428315065,45.56897049933237,21.80837205222408,13.380413899047387,45.40414586267981,0.14796522702405196,-0.9889582264633839,-0.00824123183262806,0.7022464078799218,0.7080578286403243,0.052675679563373705,0.05224334123534371,boundary,0.3642999951984041,45,0.3194,9.550410185831971
36,59,7.198962102607282,26.572327724561475,52.494936452653114,11.60688002565783,7.095659859886108,51.38603227610243,0.22039589615252742,-0.9738333932337684,-0.05544520882753403,0.6829734489823613,0.7219516100685212,0.08067513330163857,0.07631948356331301,boundary,0.3644317205640074,74,0.3342,15.069367347856197
37,62,16.531899203983265,28.96276410324398,56.224424051442604,21.273557526823417,9.533633917802792,56.06449723499588,0.2370829161420076,-0.9714565092720594,-0.007996340822336023,0.6992358118707668,0.7048496746588495,0.08476500778317739,0.08408988634943929,boundary,0.36425758606963005,36,0.3414,10.330875024328465
38,139,19.050500588930923,33.142183459721345,60.95232037954676,22.908845125274752,13.518055690736086,60.869938674009425,0.19291722681719142,-0.981206388449263,-0.004119085276866841,0.7023271887446475,0.7052261170903653,0.0686707100012799,0.06838842966179873,surface,0.11447547886809696,15,0.3444,6.79440231240826
39,67,21.953815222594557,33.58007762009136,53.642548581166345,24.536130254704535,13.747847664697083,53.76214821034907,0.12911575160549893,-0.9916114977697139,0.005979981459136142,0.7077321411039278,0.7035124950006612,0.045608975524307434,0.04588253674349368,boundary,0.36278055076941806,31,0.3506,7.877420320265337
40,57,24.43875668006218,33.81952783365281,49.51351792034423,26.001793817973,13.88155339772837,49.69815350178766,0.07815185689554091,-0.9968987217962223,0.00923177907217152,0.7098197879139108,0.7032968585887117,0.027525245923765162,0.02778053674673248,boundary,0.3647121261565699,18,0.3542,4.825055921937597
41,114,34.66922613186829,33.98606407151464,44.27063080860128,34.15067062769975,14.013332512344968,45.17677332192041,-0.02592777520842695,-0.9986365779584837,0.04530712566595625,0.7228869406223338,0.69084443590997,-0.008966746302715647,-0.009382638789829461,surface,0.11869935802711508,74,0.369,11.496873696328906
42,153,42.70647457272338,33.20944936484072,40.01053497580014,40.678338921417115,13.363718291836623,41.436586853502995,-0.10140678256531327,-0.9922865536502053,0.0713025938851427,0.7309333721037286,0.680548104808297,-0.034684003506862175,-0.03725187898138312,surface,0.11248080313326271,55,0.38,9.12956238859779
43,38,47.26296779842959,32.635325001476886,42.05865655683992,44.94733959457212,13.236755664137945,46.34040546189651,-0.11578141019287358,-0.969928466866947,0.2140874452528294,0.7777557791164404,0.6257565094041045,-0.03721650590767889,-0.04625657442346463,boundary_high_curvature,0.7985869366774424,30,0.386,5.028523770574762
44,2,40.10220423522388,30.9575323737377,47.79093264277126,42.66698119405247,12.953025924220679,39.468693361137866,0.12823884794142942,-0.900225322475851,-0.41611196408166967,0.5389667075649165,0.8393555124748137,0.05948365926015178,0.038195629276121974,boundary_high_curvature,0.9915080569006434,13,0.3886,9.324725842359701
45,71,37.871855064588125,34.04945843984838,47.90770460674242,37.08330735853912,14.103491768873502,49.147303766004896,-0.03942738530245009,-0.9972983335487438,0.061979957963123763,0.7285483812698844,0.684709409507454,-0.013529432744647255,-0.014395663603780546,boundary,0.36266462214306794,47,0.398,3.814197151802716
46,66,29.571620615070813,34.29376436096494,54.815528143432786,30.75676669611525,14.335049273031313,55.31062490698088,0.05925730405222181,-0.9979357543966811,0.024754838177404526,0.715490707930509,0.6979927496937275,0.02070512705315843,0.021224183230493212,boundary,0.36292204469099465,37,0.4054,10.801463017300016
47,145,30.435458205677236,34.518890892762144,60.04294436894693,31.70734463934796,14.574305890893683,60.81484721457455,0.06359432168353614,-0.997229250093423,0.0385951422813811,0.7202577411299305,0.6929756065144134,0.022073459975511772,0.022942482060590918,surface,0.11329208691666474,37,0.4128,5.303091337421245
48,70,37.00575998172612,34.73627634697024,59.30813381426064,37.228613431159346,14.774433721605718,60.522701778705404,0.011142672471661189,-0.9980921312682265,0.060728398222238064,0.7282497341347103,0.6852891134973929,0.0038251550084328766,0.004064953116938572,boundary,0.3626875287384705,44,0.4216,6.614836990835887
49,16,43.76724677386605,34.30833468176545,67.54029731004898,42.76073809535599,14.347604007538507,68.28606619587049,-0.05032543392550295,-0.9980365337113473,0.03728844429107525,0.7199410879824318,0.6935779576911126,-0.017475538889763644,-0.018139789971495734,boundary_high_curvature,0.9442189681420655,70,0.4356,10.661583068685957
50,134,37.63513655268864,35.88008772603554,76.88715286196438,39.078064376695444,15.980404279057781,78.27299484602545,0.07214639120034007,-0.9949841723488879,0.06929209920305367,0.7307161246310914,0.6817218476038699,0.024683453932525384,0.026457414946404356,surface,0.11506975050009677,59,0.4474,11.288794980209905
51,74,37.00341434334399,36.377303337407085,84.44010196816537,38.88063069103054,16.512061052300005,85.7995900107652,0.09386081738432744,-0.9932621142553542,0.06797440212999178,0.7299335781342406,0.6818939556250022,0.032147040565061416,0.03441180868742913,boundary,0.36221564366095255,81,0.4636,7.5956129782153265
52,24,37.524879596827624,33.44729908987671,89.55367035751028,43.45190265113588,15.75199169796069,82.36016675917234,0.29635115271541285,-0.8847653695958008,-0.35967517991689696,0.5584566613696227,0.8137797757986786,0.1326652420926485,0.09104156970003371,boundary_high_curvature,0.905062339394436,18,0.4672,5.916538901557598
53,21,32.093355759316914,27.80725804953426,82.19269063920963,43.276208207565944,14.760203320732497,71.95950081275072,0.5591426224124516,-0.6523527364400882,-0.5116594913229456,0.46344390187811024,0.8153851241869627,0.3016236809603717,0.17143513102780242,boundary_high_curvature,0.9114833048632429,28,0.4728,10.746884969488963
54,140,29.902749323962183,35.502793971578804,84.8049018434916,33.08451658541853,15.77804542712587,85.7052639662103,0.15908836307281715,-0.9862374272226466,0.04501810613593448,0.7205379975128451,0.6887990658406392,0.055197770146043226,0.05774120892522517,surface,0.11440925543688799,66,0.486,8.416868601675557
55,152,24.256041638217315,34.197696883486564,74.31329302148777,27.754352291888544,14.50848810702795,74.62454906951797,0.1749155326835615,-0.9844604388229309,0.015562802401510114,0.7098354211436163,0.6988730316821622,0.061604256237930116,0.06257056888521872,surface,0.11249758980380707,59,0.4978,11.985926821549755
56,137,11.206819811002251,31.026674273335427,63.86574258685673,17.707460173038736,12.116277709027674,63.49348371983039,0.32503201810182425,-0.9455198282153876,-0.018612943351317312,0.690917642500227,0.7038995940747458,0.11760881402797492,0.11543976613918523,surface,0.11452517496454324,51,0.508,17.014372888064813
57,79,10.370806501109449,27.091538912514487,61.972559182071585,16.33156533193236,8.013114836977831,61.27751317298303,0.29803794154114555,-0.9539212037768328,-0.034752300454427856,0.6867631448692598,0.7110592548326468,0.1084937156892292,0.10478660516530765,boundary,0.3617917050625922,28,0.5136,4.446161486772062
58,133,-2.0487997919819456,23.454641721372337,75.02075167913681,10.569017862949098,7.9689215811760405,74.0292127911302,0.6308908827465521,-0.7742860070098148,-0.04957694440033009,0.6494667759917698,0.6825046252450948,0.24284955984975085,0.2310939953410544,surface,0.11522916428147185,45,0.5226,18.37740376372033
59,117,9.339504537299323,26.02128397106233,82.65598032574948,17.06026195312707,7.583387413747737,81.99728808523994,0.3860378707913874,-0.9218948278657297,-0.03293461202547689,0.6817407642765031,0.704575858252229,0.1415632931973306,0.1369752689756476,surface,0.11806146921092896,50,0.5326,13.94911625947232
60,123,15.452264160617897,28.442930127745015,76.51689307101078,21.739411269977342,9.457577462134124,76.34906760317415,0.3143573554679723,-0.9492676332805445,-0.008391273391831789,0.6951517707627182,0.701009660015505,0.11305349734025005,0.11210878158976413,surface,0.11677524622529739,59,0.5444,8.9954762320816
61,58,18.190165838797558,32.99190020565012,84.77567381739468,23.60184097955299,13.73855370132914,84.92540876816038,0.27058375703777154,-0.962667325216049,0.007486747538285243,0.7030982332740976,0.6978538724203588,0.09621122064898095,0.0969342464559625,boundary,0.36452772561233,52,0.5548,9.818181796335624
62,68,14.443686149573935,28.003814002935705,85.88338171976822,21.511930354465818,9.295723149631256,85.66598695322878,0.3534122102445941,-0.9354045426652224,-0.010869738326972111,0.6918131730290722,0.6993743183729381,0.12771230153698687,0.12633156557235015,boundary,0.36275812708681604,30,0.5608,6.335939616541167
63,84,31.84332402947961,6.616244939676076,108.89981063812425,31.184676899011727,13.124957700320238,90.0,-0.03293235652339418,0.325435638032208,-0.9449905319062122,-0.017178113160129613,0.0028733928353024242,0.9861475597326803,0.16495346760572113,high_curvature,0.32425173057575424,19,0.5646,35.91561650509823
64,109,26.728504819491256,-0.18927332584151202,106.18072352503543,18.74743394524136,8.441294089257287,90.0,-0.3990535437124946,0.43152837075493977,-0.8090361762517714,-0.11264939124416459,-0.3467184272316056,0.8856096320297829,0.28773603619712534,high_curvature,0.27768067769208477,30,0.5706,8.936995532153135
65,90,-3.1953563036718453,-9.447039519414142,60.20908137244227,9.126526504883516,6.30316002400777,60.52911011274533,0.6160941404277681,0.7875099771710956,0.01600143701515293,0.23226478221590613,0.22857747697865746,0.6631377070492183,0.6738351352146713,high_curvature,0.3043852049135568,51,0.5808,55.628550058574135
66,98,-8.07081322876245,-1.7061241318952618,19.59518600944586,8.619014000724118,8.959669355427224,22.36836403035941,0.8344913614743283,0.5332896743661243,0.1386589010456774,0.3624571981151757,0.31524448038997477,0.5755792448141405,0.6617811043368759,high_curvature,0.2964597819097202,39,0.5886,41.6314826522136
67,155,-14.638806449852376,15.931010305977601,2.536379311342227,3.487349647059981,7.4786458349927525,2.536379039984933,0.9063078048456179,-0.42261822354924244,-1.3567864698416087e-08,0.5963677984782861,0.5963678065697239,0.3799282117336759,0.37992820657886134,surface,0.11196098786155473,50,0.5986,25.400982896241427
68,108,-3.956005178838601,12.83882372939848,-17.430035753974288,5.76000706280425,11.499809265165764,-8.702548953458662e-15,0.48580061208214254,-0.06695072321163584,0.871501787698714,0.7292133139395528,0.1910768218326153,0.16654955511495653,0.6356090281160678,high_curvature,0.27826223878150624,17,0.602,22.854793619301137
69,89,0.35273094414747863,12.49836826953451,-2.816121727737798,3.693106236309738,4.947552684079608,15.399999618530273,0.167018764608113,-0.3775407792727451,0.9108060673134035,0.9563282775999215,0.20661714121241204,0.043661462418343615,0.20208725620253587,high_curvature,0.30909082749163475,30,0.608,15.239671914575718
70,80,12.300789679811656,7.099342375772941,-3.002322508600802,4.929292851401989,9.74803541915269,15.399999618530273,-0.36857484142048336,0.13243465216898742,0.9201161063565537,0.9797449408560627,-0.06516307693204318,-0.18893311045571595,-0.012565987634372224,high_curvature,0.3385241433578197,33,0.6146,13.11259924207184
71,83,11.19496636179553,5.9881710820903375,-2.382305185063851,6.964373306671355,14.105542471524753,15.399999618530272,-0.21152965275620875,0.40586856947172084,0.8891152401797063,-0.23122972919032062,-0.05602093780952505,0.2287007530313099,0.9439758643251553,high_curvature,0.32650423017219815,10,0.6166,1.6858138497646735
72,142,17.76452631479466,1.22502640024517,-6.707260933692122,17.764526314794658,17.805778902950156,4.476595576655389,-1.7763568394002506e-16,0.8290376251352493,0.5591928255173755,-9.459341220752641e-17,-5.029621514833828e-17,0.46947160429712065,0.8829475707870132,surface,0.11392926280545985,57,0.628,9.195211115783724
73,126,23.2519019556459,0.5602281429742497,-5.721656785620285,23.251901955645906,17.140980645679235,5.462199724727228,3.552713678800501e-16,0.8290376251352493,0.5591928255173756,1.8918682441505284e-16,1.0059243029667656e-16,0.46947160429712065,0.8829475707870132,surface,0.11644690364888778,27,0.6334,5.614682865788093
74,144,29.06864631764186,8.049068899811845,-20.0,29.06864631764186,8.049068899811846,-8.246398114975058e-16,0.0,8.881784197001253e-17,1.0,1.0,-4.4408920985006264e-17,0.0,0.0,surface,0.11362627874067534,35,0.6404,17.140254834794813
75,107,29.281553404432046,11.191454320637746,-3.5630330048095757,28.19862198154256,4.928016505869627,15.399999618530273,-0.054146571144474354,-0.3131718907384059,0.9481516311669923,0.9869424293989926,0.15852858788345908,-0.02815796939021398,0.0045229012271917265,high_curvature,0.28023175597785277,34,0.6472,16.736003093976887
76,149,16.486443641903847,17.253059193749568,-7.332767982969324,16.49032505594695,0.6667456416085572,3.842838832084995,0.00019407070215518018,-0.8293156776070505,0.558780340752716,0.8828307650428224,0.46969120345539483,5.495693790920581e-05,0.00010329696443506556,surface,0.11289443037291469,54,0.658,14.651579753679755
77,156,3.706933112372527,17.265727438258327,-7.31399163561438,3.7069331123725258,0.6849754189040892,3.8698655913301905,-6.661338147750939e-17,-0.829037600967712,0.5591928613472286,0.8829475809319681,0.46947158521723736,-1.8861080463915453e-17,-3.547253101946818e-17,surface,0.11181172221164755,65,0.671,12.77953060210119
78,157,8.163929720042336,19.043825284628184,-4.677852881466418,8.16392972004234,2.463073265273943,6.5060043454781535,1.77635683940025e-16,-0.829037600967712,0.5591928613472285,0.882947580931968,0.4694715852172374,5.02962145704412e-17,9.459341605191513e-17,surface,0.11178917835352936,34,0.6778,5.475004862387438
79,101,8.642479319914752,18.196711190391845,-3.924963178100171,2.251147722278577,3.486440879400277,8.023209392909063,-0.31956657988180875,-0.7355135155495784,0.5974086285504617,0.8750008330876791,0.43927115382262266,-0.09130465017791212,-0.18187318760911025,high_curvature,0.2873185884622784,11,0.68,1.2302255539643199
