view_id,surface_x,surface_y,surface_z,camera_x,camera_y,camera_z,target_x,target_y,target_z,view_dir_x,view_dir_y,view_dir_z,normal_x,normal_y,normal_z,up_x,up_y,up_z,qw,qx,qy,qz,footprint_width,footprint_height,effective_radius,curvature,roughness,boundary_score,boundary_flag,priority_score,spacing_radius,region_type
0,41.69574507957074,15.960430236724644,76.49145266963973,39.48895542975032,5.57743137923989,93.44206959548983,41.69574507957074,15.960430236724644,76.49145266963973,0.11033948249102109,0.5191499428742377,-0.8475308462925047,-0.11033948249102098,-0.5191499428742377,0.8475308462925049,0.17619744736172788,0.829013265853147,0.5307461394892201,0.028858606895779303,0.1004570028004222,0.9558628634561595,0.2745938048496041,20.82268202206985,14.558809370648094,4.73161304546063,0.28402736879049073,0.47379624111254914,0.8400073605892946,1,1.0,2.1292258704572835,boundary_high_curvature
1,41.92828039023922,10.447406749364628,21.63214780337333,38.99421958344343,23.924597261556546,7.149170793099888,41.92828039023922,10.447406749364628,21.63214780337333,0.1467030403397896,-0.6738595256095958,0.7241488505136721,-0.1467030403397895,0.6738595256095958,-0.7241488505136721,-0.15404307613435525,0.7075749348269326,0.68964370677889,0.9231517131730678,0.3692522076630928,0.039728854490108725,0.09932441654732237,20.82268202206985,14.558809370648094,4.73161304546063,0.2753380275400318,0.486589131238308,0.8158243584137198,1,0.9917375801415321,2.156592071969863,boundary_high_curvature
2,42.66698119405247,12.953025924220679,39.468693361137866,40.10220423522388,30.9575323737377,47.79093264277126,42.66698119405247,12.953025924220679,39.468693361137866,0.12823884794142942,-0.900225322475851,-0.41611196408166967,-0.1282388479414296,0.9002253224758511,0.4161119640816698,0.05868352949572059,-0.411953164835312,0.9093133856642028,0.5389667075649165,0.8393555124748137,0.05948365926015178,0.038195629276121974,20.82268202206985,14.558809370648094,4.73161304546063,0.2727466287545272,0.49578998327702517,0.814449836124302,1,0.9915080569006434,2.1573522825824414,boundary_high_curvature
3,42.329924671875276,13.686288012607893,61.30462170631261,61.149328063996855,8.548084927355493,56.89679627654505,42.329924671875276,13.686288012607893,61.30462170631261,-0.9409701696060789,0.25691015426262,0.22039127148837814,0.9409701696060789,-0.2569101542626199,-0.22039127148837823,0.21260934688953742,-0.05804806769797208,0.9754115477334355,-0.47406665806225734,-0.3789031464518528,0.49622250036117554,0.6208513827462027,20.82268202206985,14.558809370648094,4.73161304546063,0.27919006135546054,0.47085047341152253,0.8108015820792165,1,0.991223269549329,2.1582955350651036,boundary_high_curvature
4,43.736055806378815,12.396201204776538,44.63037107322658,52.86968102467625,29.975645080187217,47.3762850199786,43.736055806378815,12.396201204776538,44.63037107322658,-0.45668126091487155,-0.8789721937705338,-0.13729569733760127,0.45668126091487166,0.8789721937705339,0.13729569733760114,-0.06329981469452087,-0.12183284436906798,0.9905301063029744,0.6380139113202178,0.7325476243163016,-0.17894643549773018,-0.1558537785652842,20.82268202206985,14.558809370648094,4.73161304546063,0.28834682372269127,0.4028623312544576,0.7735346107426582,1,0.977314704272134,2.204362499301556,boundary_high_curvature
5,42.52001349587384,12.917720060568776,51.780511008997365,51.80461239489357,-4.701341806729282,53.61487253297383,42.52001349587384,12.917720060568776,51.780511008997365,-0.46422994495098635,0.8809530933649029,-0.09171807619882308,0.46422994495098646,-0.8809530933649028,0.091718076198823,-0.04275850395192491,0.08114133250943281,0.9957850141965319,-0.16181875726394276,-0.1774082355674109,0.7172066341384954,0.654183194295101,20.82268202206985,14.558809370648094,4.73161304546063,0.26975768704077346,0.466473246754482,0.7673114079202368,1,0.9746764191116005,2.213100840439813,boundary_high_curvature
6,41.849932947615564,15.224040376440632,80.49952971547202,52.6630366687602,-1.2263678135151412,84.02952380889545,41.849932947615564,15.224040376440632,80.49952971547202,-0.5406551860572316,0.8225204094977884,-0.17649970467117124,0.5406551860572316,-0.8225204094977886,0.176499704671171,-0.09694748906116148,0.14749010174837718,0.9843006930054401,-0.1839504203562097,-0.2198694126308234,0.7347838414969142,0.6147457934099169,20.82268202206985,14.558809370648094,4.73161304546063,0.2664696796744931,0.4716119993898701,0.7645883025597422,1,0.9716735916230689,2.223046592842416,boundary_high_curvature
7,43.04792627567263,12.227945240048967,31.11386049795508,62.112045331988206,13.85232976511359,36.93801189720252,43.04792627567263,12.227945240048967,31.11386049795508,-0.9532059528157788,-0.08121922625323111,-0.29120756996237207,0.9532059528157788,0.08121922625323107,0.2912075699623719,-0.290156189441448,-0.02472315781222873,0.9566598931682097,0.4384541079874596,0.5917832108959996,-0.5435038328133545,-0.4026837595529961,20.82268202206985,14.558809370648094,4.73161304546063,0.2684592390938519,0.4574204452335975,0.7739028853615562,1,0.9688925284302805,2.23225783326069,boundary_high_curvature
8,43.513979592367065,12.33006159863405,33.32583220600752,47.71628062921304,30.506112886458897,40.53498094757777,43.513979592367065,12.33006159863405,33.32583220600752,-0.21011505184229867,-0.9088025643912424,-0.36045743707851263,0.21011505184229867,0.9088025643912424,0.36045743707851274,-0.08119587178910546,-0.351193385970774,0.9327756622333101,0.5618381347452385,0.8194434093814241,-0.09349447770111487,-0.0641029781424775,20.82268202206985,14.558809370648094,4.73161304546063,0.27172585973488267,0.43690758177899836,0.7667617691190949,1,0.965483110651088,2.2435502652097066,boundary_high_curvature
9,43.43366386225432,11.922187762525859,28.205178481970357,52.75027277677305,22.834622644207595,42.13785816991861,43.43366386225432,11.922187762525859,28.205178481970357,-0.46583044572593657,-0.5456217440840868,-0.6966339843974125,0.4658304457259365,0.5456217440840868,0.6966339843974126,-0.4523295725581052,-0.5298083294992787,0.7174267152696403,0.36540518239594905,0.8641424097162241,-0.31870815478826997,-0.13476668905733685,20.82268202206985,14.558809370648094,4.73161304546063,0.27732223204610074,0.414174077848049,0.7768191252059531,1,0.9647907445492272,2.245843471145566,boundary_high_curvature
10,44.28726173499054,11.362164445108611,23.643631271782745,51.58119373599533,29.170093094016664,29.09122094062879,44.28726173499054,11.362164445108611,23.643631271782745,-0.36469660005023946,-0.8903964324454025,-0.27237948344230223,0.3646966000502395,0.8903964324454026,0.27237948344230234,-0.10323936139768863,-0.252055980406125,0.9621899069309056,0.5918086418681693,0.7825951702598609,-0.1540601869630517,-0.11650231623878471,20.82268202206985,14.558809370648094,4.73161304546063,0.284749792318382,0.3727493805860176,0.7132712747458825,1,0.9592030464270872,2.2643506488757352,boundary_high_curvature
11,44.213041959236506,14.152837927227887,55.82817055583937,53.791954381375476,30.932275518478043,60.99488236610449,44.213041959236506,14.152837927227887,55.82817055583937,-0.4789456211069483,-0.8389718795625076,-0.25833559051325594,0.4789456211069483,0.8389718795625077,0.2583355905132559,-0.12807621655398535,-0.22435186667163995,0.9660552379000734,0.5885923448102055,0.766671166121189,-0.2034284107370555,-0.15617700334619103,20.82268202206985,14.558809370648094,4.73161304546063,0.29636702313262253,0.3289070731165606,0.705684802280806,1,0.9591553432714064,2.2645086478873457,boundary_high_curvature
12,43.99259726178949,14.13444708728212,63.856939309263744,41.89745100023184,-4.270336484732086,71.39844471667392,43.99259726178949,14.13444708728212,63.856939309263744,0.10475731307788258,0.9202391786007104,-0.37707527037050886,-0.10475731307788266,-0.9202391786007104,0.3770752703705092,0.042649679897795924,0.3746555275577927,0.9261826172386349,0.03161246556220334,0.047002333828009175,0.8284494044900841,0.5571920825315306,20.82268202206985,14.558809370648094,4.73161304546063,0.2844293143263751,0.37240738769471715,0.73855734121108,1,0.9585606547042942,2.26647833321484,boundary_high_curvature
13,42.47602955705849,14.799330572802315,74.22127189593984,29.686443094805043,15.149901165728352,89.59344085103264,42.47602955705849,14.799330572802315,74.22127189593984,0.6394793231126722,-0.017528529646301826,-0.76860844775464,-0.6394793231126723,0.017528529646301833,0.7686084477546401,0.768319866261645,-0.021060129806944525,0.6397195120052247,0.24378871925826656,0.6739934928605603,0.6557720605964712,0.23719788465560582,20.82268202206985,14.558809370648094,4.73161304546063,0.2722746823512436,0.4077231396578279,0.7421475261270691,1,0.9542313509892107,2.280817546170075,boundary_high_curvature
14,43.99723254153667,13.690935105770578,58.88893229045993,55.95265914610163,0.7923693930187223,68.41231284867992,43.99723254153667,13.690935105770578,58.88893229045993,-0.5977713302282481,0.6449282856375927,-0.4761690279109995,0.5977713302282481,-0.6449282856375927,0.47616902791099963,-0.3236924684855192,0.3492279040790661,0.8793537723000304,-0.1868470254813635,-0.31365964491339976,0.7998138165275089,0.47644902677334433,20.82268202206985,14.558809370648094,4.73161304546063,0.28373960588867125,0.3581848180696335,0.6933688332632213,1,0.9515824637225166,2.289591002853006,boundary_high_curvature
15,43.945011804774545,10.272493980401563,20.43979637421586,38.594715084384994,1.1495099291611837,3.4649477149611165,43.945011804774545,10.272493980401563,20.43979637421586,0.26751483601947756,0.45614920256201896,0.8487424329627371,-0.26751483601947745,-0.45614920256201896,-0.8487424329627372,-0.4293653836502656,-0.7321264131516951,0.5288064697869097,0.251999314073201,0.07208081844598307,0.2653924247803405,0.927829489824507,20.82268202206985,14.558809370648094,4.73161304546063,0.27829862667080224,0.36279544855286777,0.7243006144721592,1,0.9449981804125104,2.31139899941625,boundary_high_curvature
16,42.76073809535599,14.347604007538507,68.28606619587049,43.76724677386605,34.30833468176545,67.54029731004898,42.76073809535599,14.347604007538507,68.28606619587049,-0.05032543392550295,-0.9980365337113473,0.03728844429107525,0.050325433925502934,0.9980365337113473,-0.0372884442910756,0.0018778631102751287,0.03724112924963058,0.9993045441317433,0.7199410879824318,0.6935779576911126,-0.017475538889763644,-0.018139789971495734,20.82268202206985,14.558809370648094,4.73161304546063,0.27357709912907985,0.378689274697805,0.7215335421358884,1,0.9442189681420655,2.313979851077064,boundary_high_curvature
17,41.74302123928084,16.770486994242336,86.37388983504965,56.03456906525053,30.30685647100409,82.83576008522222,41.74302123928084,16.770486994242336,86.37388983504965,-0.7145773912984842,-0.6768184738380875,0.17690648749137164,0.7145773912984843,0.6768184738380877,-0.17690648749137178,0.12843916194658023,0.12165232013815017,0.9842276640510901,0.7046671834583725,0.5893016507938823,-0.2535159178945564,-0.30314584658630933,20.82268202206985,14.558809370648094,4.73161304546063,0.2549487739491626,0.43398467943598845,0.7480676570767,1,0.9380693076955969,2.3343483205926288,boundary_high_curvature
18,42.39730111204605,17.094893354143515,89.76902227991731,46.860251592365735,22.306614848616405,108.55518825582266,42.39730111204605,17.094893354143515,89.76902227991731,-0.22314752401598414,-0.2605860747236445,-0.9393082987952672,0.22314752401598412,0.2605860747236446,0.9393082987952673,-0.06023004825452045,0.9654506189651149,-0.2535299659352617,-0.11534747835453399,-0.01529315787618476,0.9845914222253856,-0.13054045288575003,20.82268202206985,14.558809370648094,4.73161304546063,0.2620261498293426,0.40100573087201186,0.7681281400535254,1,0.9354389312369584,2.343060467088945,boundary_high_curvature
19,43.40566338381529,12.675996182726113,48.14294362609003,49.91135444218776,30.854311944445424,53.36068450890893,43.40566338381529,12.675996182726113,48.14294362609003,-0.3252845529186235,-0.9089157880859655,-0.2608870441409451,0.32528455291862346,0.9089157880859656,0.26088704414094493,-0.08790679646071783,-0.2456307084560344,0.9653693335710435,0.5989581674664579,0.7823105282899286,-0.1357709814253596,-0.10394994735328146,20.82268202206985,14.558809370648094,4.73161304546063,0.2572282493156475,0.413580722784775,0.724492846981658,1,0.9331634343007975,2.3505972067805767,boundary_high_curvature
20,44.718731963012075,11.8454542311429,38.03005180296941,50.74981287125481,-5.97280504946942,44.82237830330071,44.718731963012075,11.8454542311429,38.03005180296941,-0.30155404541213676,0.890912964030616,-0.33961632501656497,0.30155404541213676,-0.890912964030616,0.3396163250165649,-0.10888431846882182,0.32168844152275244,0.9405640604351428,-0.09335517561037994,-0.13296289166587483,0.8075450649642604,0.5669891080774591,20.82268202206985,14.558809370648094,4.73161304546063,0.26684645431416487,0.33576356109247024,0.7076896521174493,1,0.9158973708202774,2.4077846386263024,boundary_high_curvature
21,43.276208207565944,14.760203320732497,71.95950081275072,32.093355759316914,27.80725804953426,82.19269063920963,43.276208207565944,14.760203320732497,71.95950081275072,0.5591426224124516,-0.6523527364400882,-0.5116594913229456,-0.5591426224124515,0.6523527364400881,0.5116594913229459,0.3329777930301834,-0.38848580979181707,0.8591883175062057,0.46344390187811024,0.8153851241869627,0.3016236809603717,0.17143513102780242,20.82268202206985,14.558809370648094,4.73161304546063,0.25950031677641505,0.35277581621250725,0.680590778887832,1,0.9114833048632429,2.4224045950723823,boundary_high_curvature
22,41.89675361987351,10.858366043339512,26.930936133409592,39.90011649501879,29.371054348201437,19.630675047757897,41.89675361987351,10.858366043339512,26.930936133409592,0.09983185624273574,-0.9256344152430962,0.36501305428258474,-0.09983185624273563,0.9256344152430962,-0.3650130542825847,-0.03914053361461124,0.3629084573622729,0.9310024007505561,0.8249478315172878,0.56265279604979,0.030253990746032904,0.04435766468398633,20.82268202206985,14.558809370648094,4.73161304546063,0.23213729175400943,0.44779826203535494,0.7224117066945054,1,0.9081755884007362,2.4333601791276593,boundary_high_curvature
23,43.5773924006424,11.605414193153198,35.69490857924201,55.67044516254995,1.789170308566792,23.149015590058646,43.5773924006424,11.605414193153198,35.69490857924201,-0.6046526380953774,0.4908121942293202,0.6272946494591681,0.6046526380953774,-0.4908121942293203,-0.6272946494591681,0.4870366272508915,-0.39534023442621785,0.7787820123499897,-0.38785431960777056,-0.18561725599181642,0.38974210646077795,0.814380962136995,20.82268202206985,14.558809370648094,4.73161304546063,0.2462882839270254,0.3933644073933062,0.6874950091257787,1,0.9076903842450319,2.434967237946649,boundary_high_curvature
24,43.45190265113588,15.75199169796069,82.36016675917234,37.524879596827624,33.44729908987671,89.55367035751028,43.45190265113588,15.75199169796069,82.36016675917234,0.29635115271541285,-0.8847653695958008,-0.35967517991689696,-0.296351152715413,0.8847653695958009,0.3596751799168969,0.1142350398118045,-0.3410521818247871,0.9330775771347996,0.5584566613696227,0.8137797757986786,0.1326652420926485,0.09104156970003371,20.82268202206985,14.558809370648094,4.73161304546063,0.2567581269607074,0.3476218092903912,0.6411343279584265,1,0.905062339394436,2.4436716618560435,boundary_high_curvature
25,44.28660793521077,16.228590562735548,78.9873174702569,42.2996891110362,36.00435436508272,81.21696309678951,44.28660793521077,16.228590562735548,78.9873174702569,0.09934594120872832,-0.9887881901173587,-0.11148228132663081,-0.09934594120872846,0.9887881901173587,0.11148228132663084,0.011144784050213581,-0.11092381546928577,0.9937664217260563,0.6656922045405002,0.7445462776644239,0.03730926264838219,0.0333578798890674,20.82268202206985,14.558809370648094,4.73161304546063,0.2673809058378322,0.29867767403280415,0.6266924421985549,1,0.9013447929676176,2.4559846556752114,boundary_high_curvature
26,42.365691722981424,13.114323892068809,54.34552935556134,40.68399664363254,0.7270086542443739,69.95726605776255,42.365691722981424,13.114323892068809,54.34552935556134,0.0840847539674442,0.6193657618912216,-0.7805868351100606,-0.0840847539674443,-0.6193657618912217,0.7805868351100606,0.10500876728641932,0.7734914129711637,0.6250473524884809,0.022329543955345175,0.06361068780246021,0.9414069778540672,0.3304662976942067,20.82268202206985,14.558809370648094,4.73161304546063,0.2273109605651365,0.4469832587909677,0.7017425046892803,1,0.900300071473136,2.459444908171725,boundary_high_curvature
27,43.37180747642533,13.047375130924909,41.56352606972426,44.812196572650684,32.99534569283135,41.50229117126659,43.37180747642533,13.047375130924909,41.56352606972426,-0.07201945481126763,-0.997398528095322,0.0030617449228834913,0.07201945481126765,0.997398528095322,-0.003061744922883646,0.0002205062336634635,0.0030537941930847915,0.9999953128480289,0.7077285394470962,0.705564962274868,-0.025440352761360988,-0.0255183642407157,20.82268202206985,14.558809370648094,4.73161304546063,0.24455920156141278,0.37516992999348125,0.6580476310126859,1,0.8974410076607428,2.4689144967144916,boundary_high_curvature
28,44.23397267556474,13.698399939724535,50.55492625471965,50.779262193576244,31.955928610480175,55.435687666829914,44.23397267556474,13.698399939724535,50.55492625471965,-0.32726447590057506,-0.912876433537782,-0.24403807060551302,0.32726447590057506,0.912876433537782,0.2440380706055129,-0.08235493915382115,-0.22972210146573135,0.9697656521526934,0.6057179575203482,0.7770291693998652,-0.13507296252215753,-0.10529349758945866,20.82268202206985,14.558809370648094,4.73161304546063,0.25754214934941244,0.3262784516679859,0.6472071393185342,1,0.8974312258696794,2.4689468952696343,boundary_high_curvature
29,44.335962887289114,15.051581769685548,66.17411918032488,49.51313386504343,33.60265842599112,60.78390067278986,44.335962887289114,15.051581769685548,66.17411918032488,-0.25885854888771564,-0.9275538328152785,0.26951092537675075,0.2588585488877158,0.9275538328152786,-0.26951092537675075,0.0724458985988867,0.25959146879979,0.9629973318252587,0.7893505237342417,0.5987679452269064,-0.08198466369006556,-0.10807966214257674,20.82268202206985,14.558809370648094,4.73161304546063,0.2514573429706817,0.3015819096430689,0.6327844642892867,1,0.87768167914707,2.5343599443098777,boundary_high_curvature
30,45.91910917896267,11.264746781543952,26.756381250764427,51.762479916729184,29.946091708809025,30.862762885435234,45.91910917896267,11.264746781543952,26.756381250764427,-0.2921685368883256,-0.9340672463632534,-0.20531908173354033,0.2921685368883258,0.9340672463632536,0.20531908173354038,-0.06129363114174264,-0.19595666894842906,0.9786950876938618,0.623122162628953,0.7674106494572305,-0.11721960572533094,-0.09517998515363608,20.82268202206985,14.558809370648094,4.73161304546063,0.2605760126698509,0.24282959023473108,0.6163296179972436,1,0.8675456428403995,2.5679318054424107,boundary_high_curvature
31,45.103916031353016,13.325458743629904,53.619321233789584,43.78853257793197,-5.974050471484992,58.69856432958264,45.103916031353016,13.325458743629904,53.619321233789584,0.06576917267105245,0.9649754607557448,-0.25396215478965267,-0.0657691726710526,-0.9649754607557448,0.25396215478965256,0.017269061565502716,0.25337433883100785,0.967214156190136,0.02077718077828241,0.0269369489812011,0.7913630508018494,0.610399239321348,20.82268202206985,14.558809370648094,4.73161304546063,0.24620383881407992,0.28215055626242,0.6007507202442258,1,0.8614149617130334,2.5882374130022736,boundary_high_curvature
32,41.69605621963321,13.36658288686211,58.59456462017291,45.14950517901602,-5.0991736589698125,65.4567454306007,41.69605621963321,13.36658288686211,58.59456462017291,-0.17267244796914016,0.923287827291596,-0.3431090405213897,0.17267244796914022,-0.9232878272915961,0.34310904052138935,-0.06307437106973028,0.33726167496717835,0.9392955798429435,-0.05290304727842288,-0.07564664690816608,0.8159853583687922,0.570654665562249,20.82268202206985,14.558809370648094,4.73161304546063,0.21479655765994266,0.3809289979880828,0.6680980381137593,1,0.853349653749891,2.6149507544641173,boundary_high_curvature
33,44.5606149351226,10.019991056090866,18.024422544497085,39.84043346081557,26.19063050389556,7.243406511733223,44.5606149351226,10.019991056090866,18.024422544497085,0.23600907371535165,-0.8085319723902347,0.5390508016381931,-0.23600907371535157,0.8085319723902347,-0.5390508016381931,-0.15104466380611153,0.517456545308374,0.8422732533170109,0.8683961606467291,0.47524542959685173,0.06794395358092854,0.12415115381307139,20.82268202206985,14.558809370648094,4.73161304546063,0.21135559218178707,0.381942673139333,0.6047929646405995,1,0.8483964202826242,2.6313565033277695,boundary_high_curvature
34,0.28873689944399905,0.018967085282239338,2.6614311762435703,-3.8456400483784656,-18.63419061303391,8.57469044123977,0.28873689944399905,0.018967085282239338,2.6614311762435703,0.2067188473911232,0.9326578849158071,-0.29566296324980995,-0.20671884739112323,-0.9326578849158073,0.29566296324980995,0.06397948130636623,0.2886576065331153,0.9552923176506454,0.06459173227812605,0.08760576600336556,0.8000979386224342,0.5899122193143705,20.82268202206985,14.558809370648094,4.73161304546063,0.23162699881168156,0.3018638874945213,0.64927268765701,1,0.8468292806796248,2.636547072060496,boundary_high_curvature
35,45.56069267756126,11.767529816335433,31.323380129780638,48.5413372405477,30.368211946244173,24.60546510417685,45.56069267756126,11.767529816335433,31.323380129780638,-0.14903222814932168,-0.9300341064954368,0.3358957512801893,0.14903222814932163,0.930034106495437,-0.33589575128018934,0.053147188037689155,0.3316644872936645,0.9418991688455391,0.8147029033046914,0.5744220585650994,-0.045732078388575785,-0.06486181455217907,20.82268202206985,14.558809370648094,4.73161304546063,0.220281584109737,0.26745278923228755,0.5486303360500003,1,0.814833501014322,2.7425212259853184,boundary_high_curvature
36,44.15547139801875,17.027294689242645,87.82941598900472,47.9488983311465,-2.003241857294018,92.67179049475635,44.15547139801875,17.027294689242645,87.82941598900472,-0.18967134665638774,0.9515268273268331,-0.24211872528758177,0.18967134665638763,-0.9515268273268331,0.24211872528758205,-0.04733124883923225,0.23744732051173406,0.9702466299169076,-0.06046167209379911,-0.0774035928126204,0.7842627407084242,0.6126051122573424,20.82268202206985,14.558809370648094,4.73161304546063,0.21652667713843635,0.26872483326258007,0.5336018037429506,1,0.8094971790331537,2.7601958134759297,boundary_high_curvature
37,44.322357072558496,15.378583090626407,69.68574812542016,48.37479019888509,34.75053834316765,66.80388493467171,44.322357072558496,15.378583090626407,69.68574812542016,-0.2026216563163295,-0.9685977626270619,0.14409315953742233,0.20262165631632953,0.968597762627062,-0.1440931595374226,0.029504297754702605,0.1410401894478269,0.9895641269642524,0.7523207219760266,0.65070714935515,-0.06733220633087461,-0.07784671511490514,20.82268202206985,14.558809370648094,4.73161304546063,0.21098615563301718,0.28671146162154537,0.5271857310467247,1,0.8083072505253531,2.7641370103514022,boundary_high_curvature
38,44.94733959457212,13.236755664137945,46.34040546189651,47.26296779842959,32.635325001476886,42.05865655683992,44.94733959457212,13.236755664137945,46.34040546189651,-0.11578141019287358,-0.969928466866947,0.2140874452528294,0.11578141019287372,0.969928466866947,-0.2140874452528295,0.025375694501945937,0.21257824052199495,0.9768144991681464,0.7777557791164404,0.6257565094041045,-0.03721650590767889,-0.04625657442346463,20.82268202206985,14.558809370648094,4.73161304546063,0.2017957297655788,0.297876663107487,0.5178732257749321,1,0.7985869366774424,2.7963319450175246,boundary_high_curvature
39,51.61529838467685,18.797032365414214,2.9533398896718364,62.064100922500586,33.77437530636509,11.1081988065825,51.61529838467685,18.797032365414214,2.9533398896718364,-0.5224401268911868,-0.7488671470475435,-0.4077429458455331,0.5224401268911867,0.7488671470475436,0.40774294584553317,-0.23329540316292685,-0.3344062869472415,0.9130967583521512,0.5191316634924843,0.8003576078459312,-0.2515932679661864,-0.16318959230526756,20.82268202206985,14.558809370648094,4.73161304546063,0.20972630130898665,0.2674435756758647,0.5776035987736363,1,0.7983453094857963,2.797132245478016,boundary_high_curvature
40,1.0367788650102414,2.2233791344498264,5.533322734328546,-15.012880721858306,-1.4537767702540587,16.886161656736455,1.0367788650102414,2.2233791344498264,5.533322734328546,0.8024829793434272,0.18385779523519422,-0.5676419461203953,-0.8024829793434273,-0.18385779523519424,0.5676419461203955,0.5533056381406877,0.1267684889752824,0.8232755437911722,0.28974204247645663,0.5517129505014227,0.692411577971666,0.3636324734692619,20.82268202206985,14.558809370648094,4.73161304546063,0.18142171292396161,0.3454540744886263,0.5613574683726097,1,0.786508740165671,2.836336491544039,boundary_high_curvature
41,44.17145056093652,15.336134036464994,76.24367676116213,50.71832569925665,-3.5434956370643924,77.07914627804135,44.17145056093652,15.336134036464994,76.24367676116213,-0.3273437569160066,0.9439814836764693,-0.04177347584396074,0.3273437569160066,-0.9439814836764694,0.041773475843960996,-0.013686233134001885,0.039467838890515916,0.9991271073872003,-0.1149871351709621,-0.11989520312150741,0.711696478978527,0.6825622468487358,20.82268202206985,14.558809370648094,4.73161304546063,0.19354105959178222,0.29950367243375864,0.5431187574012921,1,0.7863705342601311,2.836794247349967,boundary_high_curvature
42,44.31091834640077,14.618528682128366,61.16868175654005,46.03321738960446,-4.614417021362167,66.37708703765679,44.31091834640077,14.618528682128366,61.16868175654005,-0.08611495216018454,0.9616472851745266,-0.26042026405583696,0.08611495216018468,-0.9616472851745267,0.2604202640558369,-0.023227536412167578,0.2593823345625783,0.9654953578702946,-0.02714620002854203,-0.03543841027217458,0.7930663598371195,0.6074972854228173,20.82268202206985,14.558809370648094,4.73161304546063,0.1828655368972324,0.32906569462728236,0.5536288635751041,1,0.7819639113494458,2.851389551465404,boundary_high_curvature
43,49.67834585767368,14.253691152690275,9.699045860155579,65.19040495014842,24.665480787485663,16.83841973412656,49.67834585767368,14.253691152690275,9.699045860155579,-0.7756029546237365,-0.5205894817397693,-0.35696869369854894,0.7756029546237365,0.5205894817397694,0.356968693698549,-0.29639345689087854,-0.1989411143859494,0.934116348063319,0.5003491498852868,0.726845358954144,-0.3875308645980293,-0.26677027825414945,20.82268202206985,14.558809370648094,4.73161304546063,0.18666263466953176,0.3142348437554878,0.5479627883016818,1,0.7817404627682217,2.852129642020741,boundary_high_curvature
44,2.398045520562966,5.142624428957101,12.034008862537668,-16.169690772202667,-1.9392809798223318,9.778840411309568,2.398045520562966,5.142624428957101,12.034008862537668,0.9283868146382817,0.3540952704389716,0.11275842256140498,-0.9283868146382818,-0.3540952704389716,-0.11275842256140499,-0.10535534357250799,-0.04018349710086425,0.9936224323863988,0.4231450383155744,0.37784158151375896,0.5485038997112772,0.6142698819164208,20.82268202206985,14.558809370648094,4.73161304546063,0.1910779225663538,0.2835322910139843,0.5305905202764204,1,0.775897152583807,2.871483439908816,boundary_high_curvature
45,40.98811317152328,16.397326879410514,82.27160412203483,37.86291140174154,-2.8394066579322796,86.76395280745808,40.98811317152328,16.397326879410514,82.27160412203483,0.15626008848908696,0.9618366768671397,-0.2246174342711626,-0.15626008848908707,-0.9618366768671397,0.2246174342711627,0.036019136173363483,0.2217106528967085,0.9744470268934273,0.050085553034443876,0.06294404904352079,0.779965873500622,0.6206309050004298,20.82268202206985,14.558809370648094,4.73161304546063,0.16698961292088202,0.3594713475521459,0.573874558418218,1,0.7697857606425679,2.8917251591933786,boundary_high_curvature
46,49.21667152154466,14.070757589431658,15.399999618530272,38.70010030353004,3.0120478679215577,2.4730251421957377,49.21667152154466,14.070757589431658,15.399999618530272,0.5258285609007309,0.552935486075505,0.6463487238167267,-0.5258285609007308,-0.552935486075505,-0.6463487238167267,-0.4454126393389563,-0.46837405297114415,0.7630421529774675,0.33664841291996306,0.15602826185899354,0.39048792502828816,0.8425213397812743,20.82268202206985,14.558809370648094,4.73161304546063,0.17874899900011004,0.2808747942085673,0.5743903695486862,1,0.7555402408818452,2.9389081601908202,boundary_high_curvature
47,43.65855872969009,16.0520411849124,84.98813070826475,39.5488047897698,35.624626925024245,84.83382581761003,43.65855872969009,16.0520411849124,84.98813070826475,0.20548769699601482,-0.9786292870055924,0.007715244532735711,-0.20548769699601477,0.9786292870055924,-0.007715244532735441,-0.0015854350180034673,0.00755058898388706,0.9999702370579837,0.706031912925306,0.7006055561517162,0.07276147622867941,0.07332503117899783,20.82268202206985,14.558809370648094,4.73161304546063,0.16222100332301986,0.2682796579328405,0.4381742707622262,1,0.7245023567329959,3.041709640470354,boundary_high_curvature
48,10.344212642848746,10.412536983119377,29.849671976121947,0.689612839153634,27.90429423410852,30.759139349346103,10.344212642848746,10.412536983119377,29.849671976121947,0.4827299901847555,-0.874587862549457,-0.045473368661207825,-0.48272999018475554,0.8745878625494571,0.04547336866120783,0.021974089875554787,-0.03981163939778364,0.9989655513292748,0.6689933683516529,0.7001390082890583,0.18039416122097154,0.17236933825627393,20.82268202206985,14.558809370648094,4.73161304546063,0.0005872417208579782,0.027957513648733213,0.3015558360735153,1,0.3723644620996295,4.208035819704148,boundary
49,5.720787101077785,4.549999713897705,10.715027928304597,5.646727009904322,-15.444316741518634,11.18601050076657,5.720787101077785,4.549999713897705,10.715027928304597,0.003703004558673139,0.9997158227708167,-0.0235491286230987,-0.0037030045586731244,-0.9997158227708169,0.023549128623098745,8.722672028686957e-05,0.023548967077273573,0.999722680817582,0.0012940636900345668,0.0013249051839400643,0.715382980603958,0.6987301060406778,20.82268202206985,14.558809370648094,4.73161304546063,0.000637016530891552,0.027504434264107227,0.3199666819959014,1,0.37225420991661645,4.208400989171353,boundary
50,10.860272591149164,7.9303718069522775,33.815952828158686,13.004600657498063,-11.928554537202135,32.803578588404285,10.860272591149164,7.9303718069522775,33.815952828158686,-0.10721640331744497,0.9929463172077206,0.050618711987720034,0.10721640331744502,-0.9929463172077205,-0.05061871198772014,0.005434122506155864,-0.05032617922993799,0.9987180513021202,-0.03896047810470222,-0.03703582691470463,0.6879818250004023,0.7237343691850713,20.82268202206985,14.558809370648094,4.73161304546063,0.0006639966734846161,0.023427484046048757,0.2977303553397431,1,0.37060478503894123,4.213864097359453,boundary
51,27.499815635990615,0.8932937582792119,0.9742911854921501,27.525251588500566,-13.366487742348577,-13.049188574063725,27.499815635990615,0.8932937582792119,0.9742911854921501,-0.001271797625497584,0.7129890750313895,0.701173987977794,0.001271797625497649,-0.7129890750313894,-0.7011739879777938,0.0012507204184806812,-0.7011728724894584,0.7129902093179938,-0.0008225531872914331,-0.0003447456717106571,0.3865396320709235,0.9222723661669318,20.82268202206985,14.558809370648094,4.73161304546063,0.000371417581073123,0.020702190021013835,0.29007741302359874,1,0.36901711223640365,4.21912267470054,boundary
52,19.905540806127785,13.30684319858408,26.88019237212721,17.265762363934464,33.12999121997571,27.15290522134552,19.905540806127785,13.30684319858408,26.88019237212721,0.13198892210966606,-0.9911574010695812,-0.013635642460915596,-0.13198892210966603,0.9911574010695813,0.013635642460915535,0.0017999210888025115,-0.013516324552037374,0.9999070303056571,0.7007313305085235,0.7103522936281138,0.047089703415245175,0.04645192367703024,20.82268202206985,14.558809370648094,4.73161304546063,0.00017114592225724859,0.013888599198704514,0.3444577039461525,1,0.36587732953364793,4.22952204045793,boundary
53,19.304232244663893,13.113547212391536,33.560337840227774,15.974339253015224,32.83069760444662,33.94216644215713,19.304232244663893,13.113547212391536,33.560337840227774,0.16649464958243346,-0.9858575196027539,-0.01909143009646783,-0.1664946495824335,0.985857519602754,0.01909143009646775,0.003179200398519738,-0.018824860901328587,0.9998177420394538,0.697875515715378,0.71132860264009,0.05964339120414735,0.05851537846379649,20.82268202206985,14.558809370648094,4.73161304546063,0.000168031096727435,0.013875807617973123,0.2856640005685113,1,0.36586715772420303,4.229555730804316,boundary
54,28.136156683559726,14.388607873648784,66.30780451353189,25.462340387039042,34.2035444262295,65.83983461101546,28.136156683559726,14.388607873648784,66.30780451353189,0.13369081482603418,-0.9907468276290355,0.02339849512582148,-0.13369081482603423,0.9907468276290357,-0.02339849512582164,-0.003129020549408692,0.023188333371643378,0.9997262177345592,0.7137235072703095,0.6972143361847195,0.046828643537798344,0.047937487759364655,20.82268202206985,14.558809370648094,4.73161304546063,0.00010366598016607639,0.012242496021418327,0.3309557736826671,1,0.36508896316376466,4.232133211678169,boundary
55,13.33540561841689,9.362317706318505,83.95551541198061,2.6790029966231206,26.268617532490403,84.74171471864962,13.33540561841689,9.362317706318505,83.95551541198061,0.5328201310896886,-0.845314991308595,-0.03930996533345024,-0.5328201310896885,0.8453149913085949,0.03930996533345032,0.0209613426459009,-0.03325500697636667,0.9992270645981738,0.6658460592148359,0.6925557455734772,0.20005379761426728,0.19233835488884796,20.82268202206985,14.558809370648094,4.73161304546063,0.00013420934218794407,0.011678154762099342,0.28320252320950856,1,0.3649025134253788,4.232750757288297,boundary
56,21.11340318133729,12.957064280200061,88.53933881144282,14.52215555523474,31.839740326511176,88.5395867349133,21.11340318133729,12.957064280200061,88.53933881144282,0.32956238130512744,-0.9441338023155555,-1.2396173524109598e-05,-0.3295623813051275,0.9441338023155558,1.239617352399513e-05,4.085312465991019e-06,-1.1703646444380239e-05,0.9999999999231675,0.6971566722351812,0.6971653143638287,0.11818088904195118,0.11817942406022341,20.82268202206985,14.558809370648094,4.73161304546063,0.00012168663836488165,0.01150789612140653,0.2971100454285595,1,0.3648123147882067,4.233049506822126,boundary
57,26.001793817973,13.88155339772837,49.69815350178766,24.43875668006218,33.81952783365281,49.51351792034423,26.001793817973,13.88155339772837,49.69815350178766,0.07815185689554091,-0.9968987217962223,0.00923177907217152,-0.07815185689554084,0.9968987217962222,-0.009231779072171606,-0.0007215114232689349,0.009203540954625913,0.9999573862196142,0.7098197879139108,0.7032968585887117,0.027525245923765162,0.02778053674673248,20.82268202206985,14.558809370648094,4.73161304546063,9.834865941806703e-05,0.011354268649167653,0.2961694095789252,1,0.3647121261565699,4.233381344507648,boundary
58,23.60184097955299,13.73855370132914,84.92540876816038,18.190165838797558,32.99190020565012,84.77567381739468,23.60184097955299,13.73855370132914,84.92540876816038,0.27058375703777154,-0.962667325216049,0.007486747538285243,-0.2705837570377716,0.962667325216049,-0.007486747538285092,-0.002025849053524497,0.007207449223848479,0.9999719739129183,0.7030982332740976,0.6978538724203588,0.09621122064898095,0.0969342464559625,20.82268202206985,14.558809370648094,4.73161304546063,0.00011884470303160166,0.01083268447297509,0.3088157099577699,1,0.36452772561233,4.233992102922149,boundary
59,11.60688002565783,7.095659859886108,51.38603227610243,7.198962102607282,26.572327724561475,52.494936452653114,11.60688002565783,7.095659859886108,51.38603227610243,0.22039589615252742,-0.9738333932337684,-0.05544520882753403,-0.22039589615252742,0.9738333932337684,0.055445208827533995,0.012238722931644009,-0.05407758170380134,0.9984617312736984,0.6829734489823613,0.7219516100685212,0.08067513330163857,0.07631948356331301,20.82268202206985,14.558809370648094,4.73161304546063,0.0001018118547222193,0.010665407599879535,0.2860952331788925,1,0.3644317205640074,4.2343100840395,boundary
60,20.713084431852156,9.820466201039391,24.232142814918955,22.862731290644483,-10.062449381595325,24.011493055558415,20.713084431852156,9.820466201039391,24.232142814918955,-0.10748234293961634,0.9941457791317359,0.011032487968027027,0.10748234293961624,-0.9941457791317359,-0.011032487968026954,0.001185869826994717,-0.010968568891067086,0.9999391402526633,-0.038267586812604254,-0.03784770352320247,0.7021761227455732,0.7099660807274903,20.82268202206985,14.558809370648094,4.73161304546063,0.00010050818521084118,0.010577714001058136,0.30847888648587907,1,0.3643932998039929,4.234437338558012,boundary
61,21.80837205222408,13.380413899047387,45.40414586267981,18.84906751174304,33.159578428315065,45.56897049933237,21.80837205222408,13.380413899047387,45.40414586267981,0.14796522702405196,-0.9889582264633839,-0.00824123183262806,-0.14796522702405196,0.9889582264633839,0.008241231832627946,0.0012194571512615425,-0.008150510804566738,0.9999660404723157,0.7022464078799218,0.7080578286403243,0.052675679563373705,0.05224334123534371,20.82268202206985,14.558809370648094,4.73161304546063,9.197619709805965e-05,0.010384948363210586,0.2852695355022788,1,0.3642999951984041,4.234746375460315,boundary
62,21.273557526823417,9.533633917802792,56.06449723499588,16.531899203983265,28.96276410324398,56.224424051442604,21.273557526823417,9.533633917802792,56.06449723499588,0.2370829161420076,-0.9714565092720594,-0.007996340822336023,-0.23708291614200766,0.9714565092720595,0.00799634082233588,0.0018958564135134596,-0.007768345705895009,0.9999680287556463,0.6992358118707668,0.7048496746588495,0.08476500778317739,0.08408988634943929,20.82268202206985,14.558809370648094,4.73161304546063,9.405589562083278e-05,0.010274907091829143,0.2813730925536084,1,0.36425758606963005,4.234886839971183,boundary
63,28.87863590971789,13.797566546655418,37.43122092807542,28.636827052256915,33.79291969385055,37.07431618531172,28.87863590971789,13.797566546655418,37.43122092807542,0.0120904428730487,-0.9997676573597565,0.017845237138184797,-0.012090442873048626,0.9997676573597566,-0.01784523713818463,-0.0002157911825306812,0.01784393237724219,0.9998407610772239,0.7133750861494864,0.7007563262511968,0.004237056741884581,0.004313354878195811,20.82268202206985,14.558809370648094,4.73161304546063,9.192971368522853e-05,0.009070492528781986,0.28066899960758174,1,0.3637545440488828,4.236552980102631,boundary
64,24.07569062202622,10.108064257640436,21.407813994962492,25.29791288145548,-9.854555092249505,21.406614013542843,24.07569062202622,10.108064257640436,21.407813994962492,-0.06111111297146312,0.998130967494497,5.999907098246382e-05,0.06111111297146305,-0.998130967494497,-5.999907098241604e-05,3.6666100115918755e-06,-5.988693087629076e-05,0.9999999982000558,-0.021616792367446076,-0.021615495418893096,0.7067550996082763,0.7067975055298611,20.82268202206985,14.558809370648094,4.73161304546063,6.827643027774991e-05,0.008195019209076174,0.277576083605857,1,0.36335436321135,4.23787843071262,boundary
65,27.81440525222687,11.491691850503283,83.29020850112083,33.94724210930893,-7.542557131498324,83.58291616345076,27.81440525222687,11.491691850503283,83.29020850112083,-0.30664184285410306,0.9517124491000803,-0.01463538311649657,0.30664184285410306,-0.9517124491000803,0.014635383116496656,-0.004488301560078371,0.013930168271504506,0.9998928970449952,-0.10894998155232795,-0.11055634718435947,0.703629864101503,0.6934062373252056,20.82268202206985,14.558809370648094,4.73161304546063,5.248397813617159e-05,0.0074500866113355185,0.2802404655835812,1,0.36302062119181056,4.238983827378049,boundary
66,30.75676669611525,14.335049273031313,55.31062490698088,29.571620615070813,34.29376436096494,54.815528143432786,30.75676669611525,14.335049273031313,55.31062490698088,0.05925730405222181,-0.9979357543966811,0.024754838177404526,-0.059257304052221765,0.9979357543966813,-0.024754838177404623,-0.0014673546404807794,0.024711310842376294,0.9996935520382286,0.715490707930509,0.6979927496937275,0.02070512705315843,0.021224183230493212,20.82268202206985,14.558809370648094,4.73161304546063,4.6119840115495126e-05,0.007236454999740584,0.30101025316523,1,0.36292204469099465,4.239310325478115,boundary
67,24.536130254704535,13.747847664697083,53.76214821034907,21.953815222594557,33.58007762009136,53.642548581166345,24.536130254704535,13.747847664697083,53.76214821034907,0.12911575160549893,-0.9916114977697139,0.005979981459136142,-0.12911575160549885,0.991611497769714,-0.005979981459136295,-0.000772123606445636,0.005929924399853797,0.9999821197510226,0.7077321411039278,0.7035124950006612,0.045608975524307434,0.04588253674349368,20.82268202206985,14.558809370648094,4.73161304546063,4.5830396779391264e-05,0.006896519853578738,0.28270413978742526,1,0.36278055076941806,4.239778971617745,boundary
68,21.511930354465818,9.295723149631256,85.66598695322878,14.443686149573935,28.003814002935705,85.88338171976822,21.511930354465818,9.295723149631256,85.66598695322878,0.3534122102445941,-0.9354045426652224,-0.010869738326972111,-0.3534122102445941,0.9354045426652224,0.010869738326972033,0.003841725205862928,-0.010168203319145615,0.9999409226492849,0.6918131730290722,0.6993743183729381,0.12771230153698687,0.12633156557235015,20.82268202206985,14.558809370648094,4.73161304546063,3.8834404200099594e-05,0.006868807896522011,0.29145451437912795,1,0.36275812708681604,4.239853241750134,boundary
69,29.021646202430933,13.426555328813128,20.558250494127595,30.410355221851113,33.3735665860264,20.124396643173057,29.021646202430933,13.426555328813128,20.558250494127595,-0.06943545097100899,-0.9973505628606636,0.021692692547726905,0.06943545097100892,0.9973505628606636,-0.021692692547726985,0.0015065964132682243,0.02164031139373308,0.9997646858586423,0.7143035616480735,0.6989728723007734,-0.02430180062759465,-0.024834816100391656,20.82268202206985,14.558809370648094,4.73161304546063,4.503384099839857e-05,0.006749515706793285,0.30299141837231697,1,0.3627183135427244,4.239985109349361,boundary
70,37.228613431159346,14.774433721605718,60.522701778705404,37.00575998172612,34.73627634697024,59.30813381426064,37.228613431159346,14.774433721605718,60.522701778705404,0.011142672471661189,-0.9980921312682265,0.060728398222238064,-0.011142672471661227,0.9980921312682265,-0.06072839822223804,-0.000677927883922998,0.06072461415622933,0.9981543275713237,0.7282497341347103,0.6852891134973929,0.0038251550084328766,0.004064953116938572,20.82268202206985,14.558809370648094,4.73161304546063,4.7071724943909736e-05,0.006667648441065942,0.2794037090086796,1,0.3626875287384705,4.2400870725963475,boundary
71,37.08330735853912,14.103491768873502,49.147303766004896,37.871855064588125,34.04945843984838,47.90770460674242,37.08330735853912,14.103491768873502,49.147303766004896,-0.03942738530245009,-0.9972983335487438,0.061979957963123763,0.03942738530245024,0.9972983335487439,-0.06197995796312377,0.002448415020563749,0.06193157880272121,0.9980773941989115,0.7285483812698844,0.684709409507454,-0.013529432744647255,-0.014395663603780546,20.82268202206985,14.558809370648094,4.73161304546063,4.120312824196644e-05,0.006634529055713117,0.28954762150149377,1,0.36266462214306794,4.240162942198291,boundary
72,23.827964176172078,13.719634781734134,70.94508300530192,19.613359166313963,33.27033991838391,70.86121840815316,23.827964176172078,13.719634781734134,70.94508300530192,0.21073025049290575,-0.9775352568324888,0.004193229857438041,-0.21073025049290578,0.9775352568324889,-0.004193229857437743,-0.0008836481469371263,0.004099066063108089,0.9999912083730351,0.7045984932842809,0.7016501184908371,0.07476962145868636,0.07508380777664533,20.82268202206985,14.558809370648094,4.73161304546063,3.3021955479466625e-05,0.006066297637028935,0.28822600770256845,1,0.3624160815659647,4.2409861406841545,boundary
73,29.821043374742974,10.692919785516887,33.861383295661334,31.477457180485384,-9.229257512328148,34.46399844430422,29.821043374742974,10.692919785516887,33.861383295661334,-0.08282069028712051,0.9961088648922518,-0.03013075743214415,0.08282069028712058,-0.9961088648922518,0.03013075743214413,-0.002496583664133423,0.03002714794053361,0.9995459656546892,-0.02887495688954354,-0.02975849258914614,0.7170633241457088,0.6957735681588909,20.82268202206985,14.558809370648094,4.73161304546063,3.1884244425753084e-05,0.005992402501924637,0.28885886843678066,1,0.3623836450824426,4.241093574506163,boundary
74,38.88063069103054,16.512061052300005,85.7995900107652,37.00341434334399,36.377303337407085,84.44010196816537,38.88063069103054,16.512061052300005,85.7995900107652,0.09386081738432744,-0.9932621142553542,0.06797440212999178,-0.09386081738432744,0.9932621142553542,-0.06797440212999158,-0.006394923985477919,0.06767292140989475,0.9976870654945219,0.7299335781342406,0.6818939556250022,0.032147040565061416,0.03441180868742913,20.82268202206985,14.558809370648094,4.73161304546063,3.0354258819994704e-05,0.0055932491451784454,0.2879883625971537,1,0.36221564366095255,4.241650016908467,boundary
75,16.874880087544554,7.677367737591017,77.01386577373779,9.574794254267228,26.286329488280554,77.65829527970224,16.874880087544554,7.677367737591017,77.01386577373779,0.3650042916638662,-0.9304480875344767,-0.032221475298222654,-0.3650042916638663,0.9304480875344768,0.03222147529822242,0.011767086786735763,-0.02999598538050387,0.9994807534563166,0.6835045738333074,0.70589463292365,0.13350469976258098,0.12927010443191222,20.82268202206985,14.558809370648094,4.73161304546063,2.87669641683701e-05,0.005254561421686125,0.27734203943030056,1,0.36207264042834497,4.242123662081132,boundary
76,15.533130367552113,8.42624570194722,42.516360150553425,11.19924339185555,27.93760007964848,43.24056594288432,15.533130367552113,8.42624570194722,42.516360150553425,0.21669434878482816,-0.975567718885063,-0.0362102896165446,-0.2166943487848282,0.9755677188850629,0.0362102896165447,0.007851714341539282,-0.03534877163372023,0.9993441924211528,0.6900450822572248,0.7155010455425713,0.07850731581043716,0.07571419711221622,20.82268202206985,14.558809370648094,4.73161304546063,2.4376407354822862e-05,0.005213465470666605,0.2936355202426314,1,0.36204873257073067,4.242202847992815,boundary
77,39.837323056536825,13.150057343679626,37.20646509440578,42.178979964716774,32.96846247026959,35.884549377453425,39.837323056536825,13.150057343679626,37.20646509440578,-0.11708284540899747,-0.9909202563294983,0.0660957858476177,0.11708284540899756,0.9909202563294983,-0.06609578584761765,0.007755642073430386,0.06563918740236642,0.9978132826802748,0.7288392896870781,0.682157770289669,-0.04016072097981509,-0.04290900525815306,20.82268202206985,14.558809370648094,4.73161304546063,2.521596649088876e-05,0.005126275437903338,0.277504048755214,1,0.36201386786188056,4.24231832441067,boundary
78,33.84025349878648,10.723677512450037,26.83246670389189,33.17533641556083,30.694376880111648,25.978621261838814,33.84025349878648,10.723677512450037,26.83246670389189,0.03324585416128266,-0.9985349683830806,0.04269227210265374,-0.03324585416128256,0.9985349683830805,-0.042692272102653785,-0.0014206362898221503,0.04266862887203041,0.9990882693249447,0.7219430543870871,0.6917523569099093,0.011512630379659106,0.01201508525023083,20.82268202206985,14.558809370648094,4.73161304546063,2.377989293211347e-05,0.005002409365470759,0.28105937341339965,1,0.3619602320668342,4.242495973089952,boundary
79,16.33156533193236,8.013114836977831,61.27751317298303,10.370806501109449,27.091538912514487,61.972559182071585,16.33156533193236,8.013114836977831,61.27751317298303,0.29803794154114555,-0.9539212037768328,-0.034752300454427856,-0.2980379415411456,0.9539212037768329,0.034752300454427815,0.010363764257016463,-0.03317099301045742,0.9993959563722106,0.6867631448692598,0.7110592548326468,0.1084937156892292,0.10478660516530765,20.82268202206985,14.558809370648094,4.73161304546063,1.9911081454360986e-05,0.004610792620436274,0.2849374761300549,1,0.3617917050625922,4.2430541562902,boundary
80,4.929292851401989,9.74803541915269,15.399999618530273,12.300789679811656,7.099342375772941,-3.002322508600802,4.929292851401989,9.74803541915269,15.399999618530273,-0.36857484142048336,0.13243465216898742,0.9201161063565537,0.36857484142048336,-0.13243465216898742,-0.9201161063565538,0.04924585124654412,0.9911917387190429,-0.12293812765014739,0.9797449408560627,-0.06516307693204318,-0.18893311045571595,-0.012565987634372224,20.82268202206985,14.558809370648094,4.73161304546063,0.09466831893943134,0.1867364109994216,0.26872727350193076,0,0.3385241433578197,4.3201193252390535,high_curvature
81,49.8282810490134,16.134589743266147,6.954235898335713,47.054084419032094,0.8350285852820019,-5.624605917638571,49.8282810490134,16.134589743266147,6.954235898335713,0.1387098314990652,0.7649780578992073,0.6289420907987142,-0.1387098314990652,-0.7649780578992073,-0.6289420907987142,-0.11221327431366578,-0.6188508177631054,0.7774521505673143,0.08083333094807084,0.038579669184116296,0.42899949152217776,0.898853168213361,20.82268202206985,14.558809370648094,4.73161304546063,0.09130071739830253,0.19161597509665984,0.27550627042905984,0,0.33814865343700296,4.321362996344496,high_curvature
82,33.38330476867762,4.708908995193974,15.399999618530273,35.717052431245094,17.086862713023045,-0.13511813470038447,33.38330476867762,4.708908995193974,15.399999618530273,-0.11668738312837376,-0.6188976858914536,0.7767558876615329,0.11668738312837375,0.6188976858914536,-0.7767558876615329,0.14391450409181003,0.7633074901564011,0.6298017870593446,0.9384494969728521,0.33264961965953327,-0.031085152558760803,-0.08769541300528409,20.82268202206985,14.558809370648094,4.73161304546063,0.08796956652196244,0.18009293582693783,0.27548956620741216,0,0.3281582878924637,4.35445237710212,high_curvature
83,6.964373306671355,14.105542471524753,15.399999618530272,11.19496636179553,5.9881710820903375,-2.382305185063851,6.964373306671355,14.105542471524753,15.399999618530272,-0.21152965275620875,0.40586856947172084,0.8891152401797063,0.21152965275620877,-0.4058685694717208,-0.8891152401797062,0.4109265056150918,-0.7884575558029655,0.45768339458645785,-0.23122972919032062,-0.05602093780952505,0.2287007530313099,0.9439758643251553,20.82268202206985,14.558809370648094,4.73161304546063,0.08893740776335476,0.17521392876390232,0.27278380061247554,0,0.32650423017219815,4.359930829863127,high_curvature
84,31.184676899011727,13.124957700320238,90.0,31.84332402947961,6.616244939676076,108.89981063812425,31.184676899011727,13.124957700320238,90.0,-0.03293235652339418,0.325435638032208,-0.9449905319062122,0.032932356523394254,-0.3254356380322081,0.9449905319062122,0.011334357330747412,0.9455641942769247,0.3252382001630946,-0.017178113160129613,0.0028733928353024242,0.9861475597326803,0.16495346760572113,20.82268202206985,14.558809370648094,4.73161304546063,0.09069587478606722,0.17430329454702267,0.2618278448038198,0,0.32425173057575424,4.3673913993959275,high_curvature
85,1.5808804452593415,3.390207239478793,0.5021916861876904,-15.354230856369073,9.847377821494959,-7.953986722301727,1.5808804452593415,3.390207239478793,0.5021916861876904,0.8467555650814207,-0.3228585291008083,0.4228089204244709,-0.8467555650814207,0.3228585291008083,-0.42280892042447094,-0.39506550052906214,0.15063410464509067,0.9062188570149561,0.694570542755184,0.442387529580627,0.30477666160537037,0.4785145988880637,20.82268202206985,14.558809370648094,4.73161304546063,0.08640770669838842,0.17302333848295792,0.2743461231385975,0,0.32230359954811305,4.373843860925185,high_curvature
86,45.793627853519695,12.561066435422575,40.28176007622104,49.82349647794473,32.144742400499894,39.79207184404919,45.793627853519695,12.561066435422575,40.28176007622104,-0.20149343122125174,-0.9791837982538659,0.02448441160859254,0.20149343122125174,0.979183798253866,-0.024484411608592507,0.0049349275392084925,0.023981928654754667,0.9997002118576255,0.7120294541375453,0.6948041259432308,-0.07074617140147427,-0.07250008444743851,20.82268202206985,14.558809370648094,4.73161304546063,0.09163238901037238,0.18596137832307527,0.23835344103665299,0,0.3206505261245738,4.379319053568331,high_curvature
87,11.1195688258988,4.549999713897705,14.988161488250059,11.292503338234425,23.084645171771264,7.475704406484441,11.1195688258988,4.549999713897705,14.988161488250059,-0.008646725616781302,-0.9267322728936778,0.37562285408828083,0.008646725616781295,0.9267322728936779,-0.3756228540882809,0.003504535759968947,0.37560650519198024,0.926772610453381,0.8293349496005318,0.558732296353796,-0.002606523944561301,-0.0038689036203959177,20.82268202206985,14.558809370648094,4.73161304546063,0.0806048094447789,0.18346990309499978,0.2709090622752439,0,0.3161258289664733,4.3943054348383495,high_curvature
88,21.669478554801806,4.549999713897705,14.793524803870234,23.28479853872389,23.152913471064714,7.629563532831107,21.669478554801806,4.549999713897705,14.793524803870234,-0.08076599919610422,-0.9301456878583503,0.35819806355195627,0.08076599919610418,0.9301456878583504,-0.3581980635519563,0.03098630126324704,0.3568552954159356,0.9336456218863927,0.823301992579211,0.565950078629691,-0.02452502238670752,-0.03567717465101306,20.82268202206985,14.558809370648094,4.73161304546063,0.08171115334143973,0.16171806966465327,0.2745794546683827,0,0.31037667364763033,4.413347379653262,high_curvature
89,3.693106236309738,4.947552684079608,15.399999618530273,0.35273094414747863,12.49836826953451,-2.816121727737798,3.693106236309738,4.947552684079608,15.399999618530273,0.167018764608113,-0.3775407792727451,0.9108060673134035,-0.167018764608113,0.37754077927274504,-0.9108060673134035,-0.3684811022060677,0.8329401956754816,0.4128344798403979,0.9563282775999215,0.20661714121241204,0.043661462418343615,0.20208725620253587,20.82268202206985,14.558809370648094,4.73161304546063,0.08069947126638807,0.1750165756848246,0.2621946508377736,0,0.30909082749163475,4.417606268165576,high_curvature
90,9.126526504883516,6.30316002400777,60.52911011274533,-3.1953563036718453,-9.447039519414142,60.20908137244227,9.126526504883516,6.30316002400777,60.52911011274533,0.6160941404277681,0.7875099771710956,0.01600143701515293,-0.6160941404277681,-0.7875099771710956,-0.016001437015152824,-0.009859653926677718,-0.0126029048634057,0.9998719688107324,0.23226478221590613,0.22857747697865746,0.6631377070492183,0.6738351352146713,20.82268202206985,14.558809370648094,4.73161304546063,0.07549509532862891,0.18157597455456367,0.26385572785725686,0,0.3043852049135568,4.43319189778979,high_curvature
91,45.25205104415332,14.150510239689268,15.399999618530273,45.66708199315217,7.741904053146128,-3.5408957155655827,45.25205104415332,14.150510239689268,15.399999618530273,-0.020751547449942717,0.32043030932715694,0.9470447667047927,0.020751547449942575,-0.320430309327157,-0.9470447667047929,0.007019551005883828,0.9472720923074334,-0.3203534127166016,0.9866707758680541,-0.16236006419669455,-0.010808617009075342,-0.0017785950434450035,20.82268202206985,14.558809370648094,4.73161304546063,0.06924562520384663,0.18902801574470024,0.2759652864380985,0,0.30282466606628344,4.438360603967185,high_curvature
92,44.74030405666835,3.6640244419681025,0.41836420095879323,60.2043599079019,-4.107997703248084,-9.604541984584326,44.74030405666835,3.6640244419681025,0.41836420095879323,-0.7732027925616777,0.3886011072608093,0.501145309277156,0.7732027925616777,-0.3886011072608093,-0.501145309277156,0.44777380829102176,-0.22504496799318036,0.8653631486199904,-0.45470843225668706,-0.26212513752661426,0.4251091126264827,0.7374367066218251,20.82268202206985,14.558809370648094,4.73161304546063,0.07109728757390034,0.1799455078672656,0.27692267960535805,0,0.3023518322018894,4.439926690783956,high_curvature
93,14.302939746129933,9.546491844038641,90.0,7.869933877069812,19.843657673491975,105.89291701889168,14.302939746129933,9.546491844038641,90.0,0.321650293453006,-0.5148582914726666,-0.7946458509445838,-0.32165029345300605,0.5148582914726666,0.7946458509445838,0.4210333053384623,-0.6739384127790988,0.6070732835305456,0.30802386812576915,0.9105881809012253,0.2610595531201441,0.0883083868754652,20.82268202206985,14.558809370648094,4.73161304546063,0.06978110079144019,0.18391549353081674,0.2719134881724279,0,0.29983077120863005,4.448276770342832,high_curvature
94,49.28043113676854,13.40036429613513,0.4291983036080227,67.1579570396283,5.839878391867115,-4.390876434810796,49.28043113676854,13.40036429613513,0.4291983036080227,-0.8938762951429876,0.37802429521340064,0.24100373692094085,0.8938762951429877,-0.37802429521340075,-0.24100373692094093,0.2219702818523557,-0.09387222797102376,0.9705241876378672,-0.43520863651714314,-0.3403539375769762,0.5134757333266855,0.6565784881957066,20.82268202206985,14.558809370648094,4.73161304546063,0.06890995188116676,0.18885551379485854,0.26913874147881156,0,0.29934963172907486,4.449870366429536,high_curvature
95,39.58437406233745,4.549999713897705,15.391269884335188,37.29695055748824,19.639212344674803,2.465197167045524,39.58437406233745,4.549999713897705,15.391269884335188,0.11437117524246077,-0.7544606315388549,0.6463036358644831,-0.11437117524246082,0.754460631538855,-0.6463036358644831,-0.09686857622566562,0.6390030271224565,0.7630803432590499,0.904711379451301,0.4193439502546877,0.03160432648471434,0.06818458640752875,20.82268202206985,14.558809370648094,4.73161304546063,0.07406256144174544,0.17198680934413227,0.2641488084654374,0,0.29829298091577605,4.453370130370427,high_curvature
96,9.188994247001936,5.145958563178425,89.91063589776769,-8.873816375908355,6.478397337108716,98.39352923168427,9.188994247001936,5.145958563178425,89.91063589776769,0.9031405311455145,-0.06662193869651456,-0.42414466669582895,-0.9031405311455146,0.06662193869651457,0.42414466669582895,0.42299534962943214,-0.031203084437124294,0.9055944466003998,0.39313462338645166,0.6182464780908046,0.5743201421474183,0.36520245692886355,20.82268202206985,14.558809370648094,4.73161304546063,0.07464574504115261,0.16274281066756807,0.269725530814765,0,0.29772043441052326,4.455266478329798,high_curvature
97,39.69720371298612,15.669529538006651,90.0,40.94148300536023,6.123635956608636,107.53076395298257,39.69720371298612,15.669529538006651,90.0,-0.062213964618705486,0.47729467906990086,-0.8765381976491285,0.06221396461870547,-0.4772946790699008,0.8765381976491287,-0.1132957747121482,0.8691854113883626,0.48133230523414616,-0.01609077115348239,-0.06273201771581065,0.966609431351602,0.24793545179970128,20.82268202206985,14.558809370648094,4.73161304546063,0.06567171859709486,0.19528403622706622,0.26969604064890185,0,0.29719472573157313,4.4570076933602,high_curvature
98,8.619014000724118,8.959669355427224,22.36836403035941,-8.07081322876245,-1.7061241318952618,19.59518600944586,8.619014000724118,8.959669355427224,22.36836403035941,0.8344913614743283,0.5332896743661243,0.1386589010456774,-0.8344913614743285,-0.5332896743661243,-0.13865890104567732,-0.11683828977764608,-0.07466662494736032,0.9903401986998231,0.3624571981151757,0.31524448038997477,0.5755792448141405,0.6617811043368759,20.82268202206985,14.558809370648094,4.73161304546063,0.07546496651908119,0.1625595222372106,0.2638834975262512,0,0.2964597819097202,4.459441922202813,high_curvature
99,9.089566912609314,5.297810341738029,82.42140967472476,-9.35623399924318,-1.112165890749572,86.7416681645892,9.089566912609314,5.297810341738029,82.42140967472476,0.9222900455926247,0.32049881162438004,-0.21601292449322215,-0.9222900455926247,-0.32049881162438004,0.21601292449322215,0.20404394465897352,0.07090593907508909,0.9763905040770756,0.3628513535458724,0.4519010925845811,0.635446193447937,0.5102278245875241,20.82268202206985,14.558809370648094,4.73161304546063,0.06603813413984465,0.18409012154082208,0.2733947938507324,0,0.2946825406575114,4.46532837472853,high_curvature
100,26.886868300637403,11.82007624183424,90.0,26.527505584267665,4.962193059869524,108.78404367277209,26.886868300637403,11.82007624183424,90.0,0.017968135818486882,0.3428941590982358,-0.9392021836386041,-0.017968135818486837,-0.34289415909823584,0.9392021836386042,-0.006558802489276609,0.9393740445936931,0.34283142570889397,0.009418248090336775,-0.0016652085594922868,0.984681836381557,0.1740982618626815,20.82268202206985,14.558809370648094,4.73161304546063,0.07395003254794599,0.16125641449306735,0.2558425022208178,0,0.29016175876860284,4.480301788121399,high_curvature
101,2.251147722278577,3.486440879400277,8.023209392909063,8.642479319914752,18.196711190391845,-3.924963178100171,2.251147722278577,3.486440879400277,8.023209392909063,-0.31956657988180875,-0.7355135155495784,0.5974086285504617,0.3195665798818088,0.7355135155495784,-0.5974086285504617,0.23806338328252172,0.5479259940964863,0.8019369866351449,0.8750008330876791,0.43927115382262266,-0.09130465017791212,-0.18187318760911025,20.82268202206985,14.558809370648094,4.73161304546063,0.06546300887310004,0.1787057256542984,0.26336151918166906,0,0.2873185884622784,4.489718735319709,high_curvature
102,8.868561980279866,6.322229059545886,68.00114277767594,-10.968849490798005,3.8432113185643613,68.57697015375929,8.868561980279866,6.322229059545886,68.00114277767594,0.9918705735538934,0.1239508870490762,-0.028791368804167657,-0.9918705735538935,-0.12395088704907622,0.028791368804167675,0.028569155043475722,0.003570195753658977,0.9995854426122774,0.4611877420947215,0.4746627434122902,0.5376717999099471,0.5224080609442094,20.82268202206985,14.558809370648094,4.73161304546063,0.061307352050344564,0.1838592235013925,0.26638744026514405,0,0.2842430997551085,4.499905151061317,high_curvature
103,8.955938186542166,7.562289847454892,40.494723811923535,-3.223429241998602,-8.293505782060477,41.001432797083304,8.955938186542166,7.562289847454892,40.494723811923535,0.6089683714270384,0.7927897814757684,-0.02533544925798843,-0.6089683714270384,-0.7927897814757684,0.025335449257988325,0.015433441316274103,0.02009213473579226,0.9996790059868699,0.22456198560501994,0.23032529743813915,0.6779513124030567,0.6609872842892944,20.82268202206985,14.558809370648094,4.73161304546063,0.06335062245041398,0.16815580231577226,0.2730795283272593,0,0.2837411568915483,4.501567650642226,high_curvature
104,46.05810816505533,6.4900710317294665,14.750769712647875,63.58787771855811,-0.2256938808486888,21.650456737439,46.05810816505533,6.4900710317294665,14.750769712647875,-0.876488477675139,0.33578824562890774,-0.3449843512395563,0.8764884776751392,-0.33578824562890774,0.3449843512395563,-0.3221522383822371,0.12341854765590078,0.9386084366762438,-0.3243004195720141,-0.4647081491930308,0.6756763364906055,0.4715263112972991,20.82268202206985,14.558809370648094,4.73161304546063,0.05907445502649505,0.1846760707323549,0.2720107531307174,0,0.28346660951989167,4.502476986989954,high_curvature
105,7.5079612429030025,15.796080582088452,-1.2706274026496657e-14,-7.880878173547661,23.035736829611672,-10.524780227272808,7.5079612429030025,15.796080582088452,-1.2706274026496657e-14,0.7694419708225332,-0.361982812376161,0.5262390113636398,-0.7694419708225332,0.36198281237616103,-0.5262390113636398,-0.4761765335457604,0.2240165305983565,0.8503366997366508,0.737554921614405,0.4109251652267513,0.26080836432435833,0.4681156302498229,20.82268202206985,14.558809370648094,4.73161304546063,0.0672844717894975,0.16775508257571228,0.25800384979566454,0,0.28335998007732327,4.502830157472995,high_curvature
106,9.446195345287498,5.148495115001012,77.85581591087339,2.12243014438833,-13.291974017968052,75.34353379333291,9.446195345287498,5.148495115001012,77.85581591087339,0.3661882600449583,0.922023456648453,0.12561410587702396,-0.36618826004495836,-0.9220234566484531,-0.12561410587702423,-0.0463656650247999,-0.11674385937638108,0.9920791784957066,0.14096568515322874,0.12424250939351539,0.649428014425841,0.7368417255746262,20.82268202206985,14.558809370648094,4.73161304546063,0.05930263446473949,0.1744507359588009,0.2748299659292258,0,0.28076944634465006,4.511410339715951,high_curvature
107,28.19862198154256,4.928016505869627,15.399999618530273,29.281553404432046,11.191454320637746,-3.5630330048095757,28.19862198154256,4.928016505869627,15.399999618530273,-0.054146571144474354,-0.3131718907384059,0.9481516311669923,0.05414657114447444,0.313171890738406,-0.9481516311669924,-0.017855372500385144,0.949696460376331,0.3126624678811651,0.9869424293989926,0.15852858788345908,-0.02815796939021398,0.0045229012271917265,20.82268202206985,14.558809370648094,4.73161304546063,0.06916386422407961,0.17260933177205237,0.2388527409449145,0,0.28023175597785277,4.513191239643721,high_curvature
108,5.76000706280425,11.499809265165764,-8.702548953458662e-15,-3.956005178838601,12.83882372939848,-17.430035753974288,5.76000706280425,11.499809265165764,-8.702548953458662e-15,0.48580061208214254,-0.06695072321163584,0.871501787698714,-0.48580061208214254,0.06695072321163584,-0.8715017876987141,-0.8633416121868286,0.11898162307138954,0.49039232665075977,0.7292133139395528,0.1910768218326153,0.16654955511495653,0.6356090281160678,20.82268202206985,14.558809370648094,4.73161304546063,0.05817272706458637,0.17777612617718677,0.2697979792527024,0,0.27826223878150624,4.519714534925365,high_curvature
109,18.74743394524136,8.441294089257287,90.0,26.728504819491256,-0.18927332584151202,106.18072352503543,18.74743394524136,8.441294089257287,90.0,-0.3990535437124946,0.43152837075493977,-0.8090361762517714,0.3990535437124947,-0.43152837075494,0.8090361762517714,-0.5492877788838246,0.5939886113832168,0.587758849798038,-0.11264939124416459,-0.3467184272316056,0.8856096320297829,0.28773603619712534,20.82268202206985,14.558809370648094,4.73161304546063,0.06239404119586839,0.17074051445089833,0.2597097252118733,0,0.27768067769208477,4.521640740351573,high_curvature
110,8.67568116378658,7.736833932621442,46.813550168785014,-11.117639716760133,4.998987056811831,47.66715605227754,8.67568116378658,7.736833932621442,46.813550168785014,0.9896660440273356,0.13689234379048054,-0.042680294174626356,-0.9896660440273356,-0.13689234379048057,0.04268029417462618,0.04227776219033285,0.005847934251537651,0.9990887810846278,0.45446409198783055,0.4742929378220464,0.544413772988382,0.521653373425653,20.82268202206985,14.558809370648094,4.73161304546063,0.05746502637176562,0.18035707340752333,0.267713879956363,0,0.2773488550566448,4.522739779769012,high_curvature
111,8.756205005900316,7.117731471345106,55.88160712371304,-9.790264496452501,-0.20571489305040735,57.429380474730245,8.756205005900316,7.117731471345106,55.88160712371304,0.9273234751176409,0.3661723182197757,-0.0773886675508603,-0.9273234751176408,-0.3661723182197757,0.07738866755086023,0.0719801967331639,0.02842282785988402,0.9970010000670524,0.3820210688139244,0.41282322713629044,0.6068536206633433,0.561574188515495,20.82268202206985,14.558809370648094,4.73161304546063,0.05747241868079198,0.17819616099791025,0.2613380549082816,0,0.2737746847445042,4.534577893381947,high_curvature
112,39.31757296792478,17.901906747057986,0.8694915691334307,39.20273827919918,32.1019953020072,-13.21398449417799,39.31757296792478,17.901906747057986,0.8694915691334307,0.005741734436280055,-0.7100044277474605,0.704173803165571,-0.005741734436279978,0.7100044277474605,-0.704173803165571,-0.005694396563523878,0.7041507785357066,0.7100276437825049,0.9230779875413343,0.3845915758733165,0.0015550512832543705,0.0037323584267556654,20.82268202206985,14.558809370648094,4.73161304546063,0.0005377598612383333,0.024188264209136248,0.26297191293402444,0,0.12164880553812488,5.038438449605497,surface
113,16.764570322234533,12.961359315767549,20.030366106295148,13.064530293370462,32.60770321249369,20.605583696755662,16.764570322234533,12.961359315767549,20.030366106295148,0.18500200144320356,-0.9823171948363069,-0.028760879523025723,-0.18500200144320358,0.982317194836307,0.028760879523025754,0.005323022301087086,-0.02826399873549619,0.9995863203391002,0.6938477587692057,0.714098838731944,0.06665799489335121,0.06476764539055953,20.82268202206985,14.558809370648094,4.73161304546063,0.0001655298666572827,0.01233396023775044,0.2751489858044341,0,0.1212849686900494,5.0396435242292394,surface
114,34.15067062769975,14.013332512344968,45.17677332192041,34.66922613186829,33.98606407151464,44.27063080860128,34.15067062769975,14.013332512344968,45.17677332192041,-0.02592777520842695,-0.9986365779584837,0.04530712566595625,0.02592777520842687,0.9986365779584836,-0.045307125665956315,0.0011759205165937142,0.045291862923149954,0.9989731049251973,0.7228869406223338,0.69084443590997,-0.008966746302715647,-0.009382638789829461,20.82268202206985,14.558809370648094,4.73161304546063,2.2463274353887087e-05,0.0047102602945148,0.27704801601645085,0,0.11869935802711508,5.048207400629495,surface
115,17.76533956046638,9.346582226256869,28.058561948047128,20.707807049996944,-10.430727980302242,27.611475752119944,17.76533956046638,9.346582226256869,28.058561948047128,-0.14712337447652818,0.9888655103279553,0.022354309796359214,0.14712337447652812,-0.9888655103279556,-0.02235430979635925,0.003289663541426758,-0.022110931239000525,0.9997501111945568,-0.052751066443534264,-0.05158474321202752,0.6972530812908393,0.7130178678597399,20.82268202206985,14.558809370648094,4.73161304546063,1.6784938509372705e-05,0.0043808406257974716,0.2765530278394353,0,0.11834503974675323,5.049380948527818,surface
116,26.03896619596172,10.68336577603014,63.658942628577265,30.660793924667715,-8.773236093871958,63.94063771601516,26.03896619596172,10.68336577603014,63.658942628577265,-0.23109138643529975,0.9728300934951049,-0.014084754371894803,0.23109138643529972,-0.9728300934951049,0.01408475437189493,-0.0032551883140432484,0.013703432225421702,0.9999008049273105,-0.08168854698382438,-0.0828473281498265,0.7072331280450473,0.6973410959535686,20.82268202206985,14.558809370648094,4.73161304546063,1.4858213271825783e-05,0.004150795011202518,0.2764719069805759,0,0.1182123685438349,5.049820372683958,surface
117,17.06026195312707,7.583387413747737,81.99728808523994,9.339504537299323,26.02128397106233,82.65598032574948,17.06026195312707,7.583387413747737,81.99728808523994,0.3860378707913874,-0.9218948278657297,-0.03293461202547689,-0.38603787079138735,0.9218948278657297,0.032934612025477226,0.012720908486167058,-0.030378728685632156,0.999457508516861,0.6817407642765031,0.704575858252229,0.1415632931973306,0.1369752689756476,20.82268202206985,14.558809370648094,4.73161304546063,1.688513651739279e-05,0.0042541102885162154,0.2760049914569893,0,0.11806146921092896,5.050320170760449,surface
118,13.966957165227043,11.580243022914638,38.60281365403617,6.923352750680403,30.288105914040266,39.23803243384664,13.966957165227043,11.580243022914638,38.60281365403617,0.3521802207273319,-0.9353931445562811,-0.0317609389905236,-0.352180220727332,0.9353931445562812,0.031760938990523443,0.01119122054082289,-0.02972396050943458,0.9994954941141256,0.6845400635838608,0.7066382019119652,0.12861928741011794,0.12459707802890888,20.82268202206985,14.558809370648094,4.73161304546063,0.00017114806498500634,0.01276869394770235,0.2668910032113577,0,0.11799114423029085,5.050553096177515,surface
119,39.09253509143083,12.874383630626278,56.998527443763194,41.70640363290945,-6.894304006812201,58.53692932274523,39.09253509143083,12.874383630626278,56.998527443763194,-0.13069342707393083,0.9884343818719239,-0.07692009394910179,0.13069342707393097,-0.988434381871924,0.07692009394910196,-0.010082823466787714,0.07625639333246914,0.997037260661236,-0.04462270161882019,-0.048197881779997266,0.7322137742261288,0.6779002637008537,20.82268202206985,14.558809370648094,4.73161304546063,2.784123805126907e-05,0.005017209026337526,0.27482821489410597,0,0.11789886590955366,5.050858733891864,surface
120,39.51174998428752,10.76021183710082,25.590185297018362,39.544605986213874,30.70510594713366,24.106905342756626,39.51174998428752,10.76021183710082,25.590185297018362,-0.0016428000963177424,-0.997244705501642,0.0741639977130868,0.0016428000963177088,0.9972447055016421,-0.07416399771308681,0.00012217308008652218,0.07416389708291526,0.9972460586250584,0.732858536474788,0.6803805457874049,-0.0005604083238969881,-0.0006036328149331961,20.82268202206985,14.558809370648094,4.73161304546063,1.1044052958303927e-05,0.003070455232132948,0.27582688508933834,0,0.11748611884989478,5.052225805452235,surface
121,36.7142932037146,12.514235986280731,19.491680042128593,39.88448007840998,32.22591837642429,18.308678550323314,36.7142932037146,12.514235986280731,19.491680042128593,-0.1585093437347691,-0.985584119507178,0.05915007459026391,0.158509343734769,0.985584119507178,-0.05915007459026398,0.009392284441762972,0.05839962600050449,0.998249101515231,0.7254072140168001,0.6836964062010501,-0.05462771139848979,-0.0579604274269643,20.82268202206985,14.558809370648094,4.73161304546063,4.407698513152366e-06,0.0020717642360890388,0.27541636099757866,0,0.11688824268323139,5.0542060485210625,surface
122,16.867483080200014,9.032633698042766,33.597271873011586,20.453749313949775,-10.63140492953275,32.91589139641693,16.867483080200014,9.032633698042766,33.597271873011586,-0.17931331168748804,0.9832019313787758,0.03406902382973272,0.1793133116874881,-0.9832019313787758,-0.0340690238297327,0.006112577948516755,-0.0335161867689957,0.9994194823072488,-0.06476844917272442,-0.06259819069167478,0.692132180011349,0.7161281728200801,20.82268202206985,14.558809370648094,4.73161304546063,1.1891970524495046e-05,0.00350909967336434,0.2738540256974317,0,0.11683734644198496,5.054374623444395,surface
123,21.739411269977342,9.457577462134124,76.34906760317415,15.452264160617897,28.442930127745015,76.51689307101078,21.739411269977342,9.457577462134124,76.34906760317415,0.3143573554679723,-0.9492676332805445,-0.008391273391831789,-0.3143573554679723,0.9492676332805446,0.0083912733918316,0.0026379513877542627,-0.007965844689190817,0.9999647926456529,0.6951517707627182,0.701009660015505,0.11305349734025005,0.11210878158976413,20.82268202206985,14.558809370648094,4.73161304546063,4.6706409688452376e-05,0.006649943449185128,0.27048813681883677,0,0.11677524622529739,5.054580307381179,surface
124,41.10131100539484,14.349999427795408,10.707261425293005,41.04058790143955,34.34818165058299,10.96997893294907,41.10131100539484,14.349999427795408,10.707261425293005,0.0030361551977645,-0.9999091111393786,-0.013135875382803251,-0.0030361551977643405,0.9999091111393789,0.013135875382803253,3.988599765796273e-05,-0.013135814827399455,0.9999137206669022,0.7024463858303587,0.7117350420424968,0.0010805647445162223,0.0010664625943706228,20.82268202206985,14.558809370648094,4.73161304546063,0.0004117205485302843,0.017543016754824295,0.2583470888215124,0,0.11674418565031099,5.054683184016442,surface
125,35.82880050000575,14.34999942779541,13.569832356313498,35.82880050000575,34.34999942779541,13.5698323563135,35.82880050000575,14.34999942779541,13.569832356313498,0.0,-1.0,-8.881784197001253e-17,-1.4122509795059976e-16,1.0,1.1102230246251898e-16,0.0,-8.881784197001253e-17,1.0,0.7071067811865475,0.7071067811865476,0.0,0.0,20.82268202206985,14.558809370648094,4.73161304546063,-1.4237130239810553e-18,0.0,0.276906603646139,0,0.1166503073764695,5.0549941209820775,surface
126,23.251901955645906,17.140980645679235,5.462199724727228,23.2519019556459,0.5602281429742497,-5.721656785620285,23.251901955645906,17.140980645679235,5.462199724727228,3.552713678800501e-16,0.8290376251352493,0.5591928255173756,-3.1994595397889074e-16,-0.8290376251352493,-0.5591928255173756,-2.3963351482130616e-16,-0.5591928255173756,0.8290376251352493,1.8918682441505284e-16,1.0059243029667656e-16,0.46947160429712065,0.8829475707870132,20.82268202206985,14.558809370648094,4.73161304546063,-9.512157939156492e-18,0.0,0.2764243419704076,0,0.11644690364888778,5.055667820393722,surface
127,32.16923503533913,12.778713221511229,81.4664168782918,37.785004412205424,-6.403361128002018,82.18136999255641,32.16923503533913,12.778713221511229,81.4664168782918,-0.2807884688433148,0.9591037174756624,-0.03574765571323084,0.2807884688433147,-0.9591037174756624,0.035747655713230984,-0.010043949119630123,0.034307637270350855,0.9993608482980552,-0.09854295922255049,-0.10213091615068007,0.712350408031636,0.6873248557494828,20.82268202206985,14.558809370648094,4.73161304546063,8.380512242432213e-05,0.008716794705869554,0.2669668374032364,0,0.11620555748023122,5.0564671900697835,surface
128,5.610905249972141,12.03262357828353,8.940302090645737,-12.515250160396679,20.484989521565737,8.940301544464361,5.610905249972141,12.03262357828353,8.940302090645737,0.906307770518441,-0.4226182971641103,2.7309068784120427e-08,-0.906307770518441,0.4226182971641102,-2.7309068782358718e-08,-2.4750421244670948e-08,1.154131214668254e-08,0.9999999999999998,0.5963678260969675,0.5963678098107178,0.37992817974853255,0.37992819012401746,20.82268202206985,14.558809370648094,4.73161304546063,5.03617163843578e-18,2.3060206320881173e-09,0.2757843197236546,0,0.11617696212988636,5.056561901562695,surface
129,46.84979845207472,8.187850701232227,4.924508563408338,64.97595198786686,-0.2645192620872283,4.924516646320018,46.84979845207472,8.187850701232227,4.924508563408338,-0.9063076767896069,0.4226184981659727,-4.041455839765006e-07,0.9063076767896069,-0.42261849816597274,4.0414558396848206e-07,-3.662802452985511e-07,1.7079939974057262e-07,0.9999999999999184,-0.37992804203158287,-0.37992819557785423,0.596367980593985,0.596367739574548,20.82268202206985,14.558809370648094,4.73161304546063,8.619374812381335e-14,2.949933376541325e-07,0.2757430419955813,0,0.11615967384214848,5.056619162604151,surface
130,24.006679635031418,13.795449160522693,80.12785076715664,19.21985458405809,33.21292976075335,79.9093260064532,24.006679635031418,13.795449160522693,80.12785076715664,0.2393412525486663,-0.9708740300115325,0.010926238035172273,-0.23934125254866642,0.9708740300115326,-0.010926238035172597,-0.0026152556097510924,0.010608634016540995,0.9999403068795651,0.7057738412592482,0.6981040602803982,0.08477972636447939,0.08571116620226121,20.82268202206985,14.558809370648094,4.73161304546063,6.823034867989802e-06,0.0026516387762674756,0.27185828850341454,0,0.11563191961687391,5.058367152748126,surface
131,36.22872066657007,15.506941909672321,73.87527444140946,34.88376539933706,35.43472102060598,72.83858980518752,36.22872066657007,15.506941909672321,73.87527444140946,0.06724776336165054,-0.9963889555466825,0.051834231811096726,-0.06724776336165071,0.9963889555466826,-0.05183423181109674,-0.0034904283284577487,0.051716578555917755,0.998655702638579,0.7247897991816576,0.688145949500744,0.023195609070925927,0.024430777878747752,20.82268202206985,14.558809370648094,4.73161304546063,6.979806860265548e-06,0.0026942680746324466,0.2710874653425515,0,0.11532474126037064,5.0593845671313655,surface
132,47.7467944434842,17.915894205817818,0.8834790313051479,47.68650443324448,32.3679078775547,-12.941703280208706,47.7467944434842,17.915894205817818,0.8834790313051479,0.003014500511985929,-0.7226006835868442,0.6912591155756928,-0.003014500511985756,0.722600683586844,-0.6912591155756928,-0.0028837266180057313,0.6912531005263423,0.7226069714121993,0.9195791856221389,0.3928991862786923,0.0008195326077184091,0.0019181132318811139,20.82268202206985,14.558809370648094,4.73161304546063,0.0005561186608641937,0.023549306086029943,0.2485166105859151,0,0.11531554832127332,5.059415015332756,surface
133,10.569017862949098,7.9689215811760405,74.0292127911302,-2.0487997919819456,23.454641721372337,75.02075167913681,10.569017862949098,7.9689215811760405,74.0292127911302,0.6308908827465521,-0.7742860070098148,-0.04957694440033009,-0.6308908827465521,0.7742860070098148,0.04957694440032996,0.031316151461957514,-0.0384339963272772,0.9987703072197964,0.6494667759917698,0.6825046252450948,0.24284955984975085,0.2310939953410544,20.82268202206985,14.558809370648094,4.73161304546063,0.0004019580464939398,0.02010895897826479,0.25226699092998733,0,0.11522916428147185,5.0597011304275075,surface
134,39.078064376695444,15.980404279057781,78.27299484602545,37.63513655268864,35.88008772603554,76.88715286196438,39.078064376695444,15.980404279057781,78.27299484602545,0.07214639120034007,-0.9949841723488879,0.06929209920305367,-0.07214639120033996,0.994984172348888,-0.06929209920305353,-0.00501121979453418,0.06911065538783945,0.9975964138809011,0.7307161246310914,0.6817218476038699,0.024683453932525384,0.026457414946404356,20.82268202206985,14.558809370648094,4.73161304546063,4.3521684281761576e-05,0.005714321178755331,0.267376670208659,0,0.11506975050009677,5.060229129456814,surface
135,16.86356500904862,12.349304731087454,43.5423097987911,11.288902592616187,31.54640143100433,44.17049546947797,16.86356500904862,12.349304731087454,43.5423097987911,0.2787331208216216,-0.9598548349958437,-0.0314092835343434,-0.27873312082162166,0.9598548349958438,0.0314092835343434,0.008759129317707191,-0.030163235001180795,0.9995066067354729,0.6889768022492256,0.7109678567314633,0.10114024155518472,0.09801185742174164,20.82268202206985,14.558809370648094,4.73161304546063,0.0001706490539711152,0.012808964461365821,0.25974057002498374,0,0.11499123200806888,5.060489192841646,surface
136,12.306862170558796,14.34999942779541,12.720673385556958,12.306862170558789,34.34999942779541,12.720673385556964,12.306862170558796,14.34999942779541,12.720673385556958,3.552713678800501e-16,-1.0,-2.6645352591003756e-16,-3.1525313747556777e-16,1.0,2.220446049250328e-16,9.466330862652141e-32,-2.6645352591003756e-16,1.0,0.7071067811865475,0.7071067811865476,1.2560739669470203e-16,1.2560739669470198e-16,20.82268202206985,14.558809370648094,4.73161304546063,-3.919344705252557e-18,0.0,0.2723845100734673,0,0.11474302190171182,5.061311296765724,surface
137,17.707460173038736,12.116277709027674,63.49348371983039,11.206819811002251,31.026674273335427,63.86574258685673,17.707460173038736,12.116277709027674,63.49348371983039,0.32503201810182425,-0.9455198282153876,-0.018612943351317312,-0.32503201810182425,0.9455198282153877,0.01861294335131718,0.006050850764480828,-0.01760195628972329,0.9998267641645731,0.690917642500227,0.7038995940747458,0.11760881402797492,0.11543976613918523,20.82268202206985,14.558809370648094,4.73161304546063,4.380888910615244e-05,0.006804013497202153,0.26501247809498774,0,0.11452517496454324,5.062032833952599,surface
138,32.52665581103921,11.674678247060251,52.41906715538541,35.73140794049233,-8.048418869286218,53.27288442385173,32.52665581103921,11.674678247060251,52.41906715538541,-0.16023760647265597,0.9861548558173234,-0.04269086342331576,0.16023760647265584,-0.9861548558173235,0.042690863423315684,-0.0068469239116221185,0.04213821843382391,0.9990883295185525,-0.055661096237204125,-0.05809027568425912,0.7197019880357318,0.6896059821767897,20.82268202206985,14.558809370648094,4.73161304546063,3.264584498410933e-05,0.006087836236990835,0.26575070931693157,0,0.11452195771866894,5.062043489886383,surface
139,22.908845125274752,13.518055690736086,60.869938674009425,19.050500588930923,33.142183459721345,60.95232037954676,22.908845125274752,13.518055690736086,60.869938674009425,0.19291722681719142,-0.981206388449263,-0.004119085276866841,-0.1929172268171915,0.9812063884492631,0.004119085276866707,0.0007946492500179545,-0.004041707075920655,0.9999915165322564,0.7023271887446475,0.7052261170903653,0.0686707100012799,0.06838842966179873,20.82268202206985,14.558809370648094,4.73161304546063,2.5911716153090622e-05,0.004202574691549619,0.26752003310512873,0,0.11447547886809696,5.062197433841376,surface
140,33.08451658541853,15.77804542712587,85.7052639662103,29.902749323962183,35.502793971578804,84.8049018434916,33.08451658541853,15.77804542712587,85.7052639662103,0.15908836307281715,-0.9862374272226466,0.04501810613593448,-0.15908836307281712,0.9862374272226467,-0.04501810613593458,-0.0071691250797433345,0.04444359937783232,0.9989861711354836,0.7205379975128451,0.6887990658406392,0.055197770146043226,0.05774120892522517,20.82268202206985,14.558809370648094,4.73161304546063,3.497288658812534e-05,0.005117144372506479,0.26642977913788113,0,0.11440925543688799,5.062416774397093,surface
141,36.45281222474541,4.549999713897705,11.015752384798152,36.45281222474541,-15.450000286102295,11.015752384798152,36.45281222474541,4.549999713897705,11.015752384798152,0.0,1.0,0.0,-1.4692874273234528e-16,-1.0,8.332343311396937e-30,0.0,-0.0,1.0,0.0,0.0,0.7071067811865475,0.7071067811865476,20.82268202206985,14.558809370648094,4.73161304546063,-1.1679491482857149e-17,0.0,0.2704757567339505,0,0.11393796613255293,5.063977745431497,surface
142,17.764526314794658,17.805778902950156,4.476595576655389,17.76452631479466,1.22502640024517,-6.707260933692122,17.764526314794658,17.805778902950156,4.476595576655389,-1.7763568394002506e-16,0.8290376251352493,0.5591928255173755,1.6958089758794305e-16,-0.8290376251352493,-0.5591928255173755,1.1981675741065306e-16,-0.5591928255173755,0.8290376251352493,-9.459341220752641e-17,-5.029621514833828e-17,0.46947160429712065,0.8829475707870132,20.82268202206985,14.558809370648094,4.73161304546063,-1.5677438729438067e-16,0.0,0.2704551215117836,0,0.11392926280545985,5.064006571974706,surface
143,25.942734952778338,10.592862977179418,57.99578137831369,29.999416371157995,-8.990464042757832,58.18719376027705,25.942734952778338,10.592862977179418,57.99578137831369,-0.20283407091898287,0.9791663509968626,-0.00957061909816801,0.20283407091898292,-0.9791663509968624,0.009570619098167853,-0.0019413365449914564,0.0093716573956424,0.9999542005762454,-0.07174580125692966,-0.07243577050920114,0.7067802831855331,0.7000480201049906,20.82268202206985,14.558809370648094,4.73161304546063,3.6764840244783482e-06,0.0018619470215141376,0.26804351589172315,0,0.11369039758885237,5.064797724417211,surface
144,29.06864631764186,8.049068899811846,-8.246398114975058e-16,29.06864631764186,8.049068899811845,-20.0,29.06864631764186,8.049068899811846,-8.246398114975058e-16,0.0,8.881784197001253e-17,1.0,-1.5117243642414592e-17,-6.444523123922364e-17,-1.0,0.0,1.0,-8.881784197001253e-17,1.0,-4.4408920985006264e-17,0.0,0.0,20.82268202206985,14.558809370648094,4.73161304546063,2.9904471259836458e-49,5.84905020402288e-25,0.2697367590484197,0,0.11362627874067534,5.065010094322156,surface
145,31.70734463934796,14.574305890893683,60.81484721457455,30.435458205677236,34.518890892762144,60.04294436894693,31.70734463934796,14.574305890893683,60.81484721457455,0.06359432168353614,-0.997229250093423,0.0385951422813811,-0.0635943216835362,0.9972292500934231,-0.0385951422813811,-0.0024562619809465514,0.03851690258576107,0.9992549299314365,0.7202577411299305,0.6929756065144134,0.022073459975511772,0.022942482060590918,20.82268202206985,14.558809370648094,4.73161304546063,4.1542544849906846e-05,0.006411430664247802,0.2624834654818428,0,0.11329208691666474,5.066116980798079,surface
146,42.259001218567235,1.648259801032129,5.297993574375395,42.259001218567235,18.229011820386365,-5.885863652569183,42.259001218567235,1.648259801032129,5.297993574375395,0.0,-0.8290376009677118,0.5591928613472289,-7.542696942844746e-17,0.8290376009677117,-0.5591928613472289,0.0,0.5591928613472289,0.8290376009677118,0.8829475809319682,0.46947158521723714,0.0,0.0,20.82268202206985,14.558809370648094,4.73161304546063,9.914618332488033e-17,1.0614474510756274e-08,0.26883814009435414,0,0.11324727221738287,5.066265412869105,surface
147,29.270547764873456,13.51146027043366,25.016637146911627,30.303069170635506,33.47910371197031,24.54007137149166,29.270547764873456,13.51146027043366,25.016637146911627,-0.051626070288102524,-0.9983821720768324,0.02382828877099836,0.051626070288102476,0.9983821720768324,-0.023828288770998435,0.0012305102946247705,0.023796495333744193,0.9997160660178699,0.7152430550725956,0.6983983360355382,-0.018044939381782112,-0.01848016655550691,20.82268202206985,14.558809370648094,4.73161304546063,2.2548719090673107e-05,0.005153422435541553,0.26342559385918,0,0.11313782786640252,5.0666279066923,surface
148,17.054162310834716,12.1309051936474,54.29659363603547,10.898188626172201,31.154672128901105,54.74411971001392,17.054162310834716,12.1309051936474,54.29659363603547,0.30779868423312573,-0.9511883467626852,-0.022376303698922583,-0.30779868423312573,0.9511883467626853,0.022376303698922455,0.006889121740540937,-0.021289409782105813,0.999749619171107,0.6906085816607365,0.7062386776465648,0.11142298706053903,0.10895703321532146,20.82268202206985,14.558809370648094,4.73161304546063,0.00023217886025093053,0.0134433487134017,0.2541897878545746,0,0.11300937949447921,5.067053344286882,surface
149,16.49032505594695,0.6667456416085572,3.842838832084995,16.486443641903847,17.253059193749568,-7.332767982969324,16.49032505594695,0.6667456416085572,3.842838832084995,0.00019407070215518018,-0.8293156776070505,0.558780340752716,-0.0001940707021551695,0.8293156776070505,-0.558780340752716,-0.0001307618956680237,0.5587803254527203,0.8293157003145899,0.8828307650428224,0.46969120345539483,5.495693790920581e-05,0.00010329696443506556,20.82268202206985,14.558809370648094,4.73161304546063,8.132808609832109e-07,0.0008654496167818259,0.2671471972623136,0,0.11289443037291469,5.067434070621093,surface
150,38.33609009353355,11.100620119761565,30.839253203218437,37.88130600904332,31.053965285346496,29.55193500653087,38.33609009353355,11.100620119761565,30.839253203218437,0.02273920422451141,-0.9976672582792464,0.06436590983437841,-0.02273920422451127,0.9976672582792465,-0.06436590983437833,-0.0014666709091796582,0.0643491975493984,0.9979263648442167,0.7294613530561198,0.6839271247074332,0.00779314905760402,0.008311998238934694,20.82268202206985,14.558809370648094,4.73161304546063,1.516843804296844e-05,0.0035194953832779724,0.2640190938212571,0,0.11269869290763239,5.0680823783820435,surface
151,14.679765381604215,9.284730937067977,-3.866936286040624e-15,14.67976538160422,9.284730937067955,-20.000000000000004,14.679765381604215,9.284730937067977,-3.866936286040624e-15,-2.6645352591003756e-16,1.0658141036401502e-15,1.0,2.821885647990818e-16,-1.0467164251804484e-15,-1.0,2.8398992587956424e-31,1.0,-1.0658141036401502e-15,1.0,-5.329070518200751e-16,-1.3322676295501878e-16,-7.099748146989106e-32,20.82268202206985,14.558809370648094,4.73161304546063,-1.1733784900072436e-44,0.0,0.2671988765023039,0,0.11255587485825679,5.068555410203931,surface
152,27.754352291888544,14.50848810702795,74.62454906951797,24.256041638217315,34.197696883486564,74.31329302148777,27.754352291888544,14.50848810702795,74.62454906951797,0.1749155326835615,-0.9844604388229309,0.015562802401510114,-0.1749155326835615,0.9844604388229308,-0.015562802401510228,-0.0027225055886158497,0.015322818993527412,0.9998788922571631,0.7098354211436163,0.6988730316821622,0.061604256237930116,0.06257056888521872,20.82268202206985,14.558809370648094,4.73161304546063,3.8217842639225184e-05,0.00657729014106324,0.2604488959289225,0,0.11249758980380707,5.068748457830724,surface
153,40.678338921417115,13.363718291836623,41.436586853502995,42.70647457272338,33.20944936484072,40.01053497580014,40.678338921417115,13.363718291836623,41.436586853502995,-0.10140678256531327,-0.9922865536502053,0.0713025938851427,0.10140678256531317,0.9922865536502052,-0.07130259388514264,0.007249017334606008,0.07093314910838354,0.9974547308551154,0.7309333721037286,0.680548104808297,-0.034684003506862175,-0.03725187898138312,20.82268202206985,14.558809370648094,4.73161304546063,8.728802179007693e-05,0.008791039917622624,0.2580496680397556,0,0.11248080313326271,5.06880405745126,surface
154,32.35309019066463,13.45869310503561,29.91977977664106,33.888076529832446,33.3883364492588,29.246628151352507,32.35309019066463,13.45869310503561,29.91977977664106,-0.07674931695839077,-0.9964821672111593,0.0336575812644277,0.0767493169583909,0.9964821672111595,-0.03365758126442768,0.002584660781591381,0.0335581928180833,0.9994334231070264,0.7183771372206471,0.694591840032747,-0.026709270445092644,-0.027623890943914767,20.82268202206985,14.558809370648094,4.73161304546063,2.370402452812752e-05,0.005038222242346948,0.2611451485147578,0,0.1121300101416066,5.069965929138163,surface
155,3.487349647059981,7.4786458349927525,2.536379039984933,-14.638806449852376,15.931010305977601,2.536379311342227,3.487349647059981,7.4786458349927525,2.536379039984933,0.9063078048456179,-0.42261822354924244,-1.3567864698416087e-08,-0.9063078048456178,0.42261822354924244,1.3567864688371789e-08,1.2296661671263835e-08,-5.734026876201085e-09,1.0,0.5963677984782861,0.5963678065697239,0.3799282117336759,0.37992820657886134,20.82268202206985,14.558809370648094,4.73161304546063,9.27439944061939e-16,3.1356815105404414e-08,0.26578839362849777,0,0.11196098786155473,5.0705257527558505,surface
156,3.7069331123725258,0.6849754189040892,3.8698655913301905,3.706933112372527,17.265727438258327,-7.31399163561438,3.7069331123725258,0.6849754189040892,3.8698655913301905,-6.661338147750939e-17,-0.829037600967712,0.5591928613472286,5.91771663466829e-17,0.829037600967712,-0.5591928613472286,4.4931288217738747e-17,0.5591928613472286,0.829037600967712,0.8829475809319681,0.46947158521723736,-1.8861080463915453e-17,-3.547253101946818e-17,20.82268202206985,14.558809370648094,4.73161304546063,-1.871132541343584e-18,0.0,0.2654345219026099,0,0.11181172221164755,5.071020139863289,surface
157,8.16392972004234,2.463073265273943,6.5060043454781535,8.163929720042336,19.043825284628184,-4.677852881466418,8.16392972004234,2.463073265273943,6.5060043454781535,1.77635683940025e-16,-0.829037600967712,0.5591928613472285,-1.6384310276868213e-16,0.8290376009677121,-0.5591928613472286,-1.1981676858063665e-16,0.5591928613472286,0.8290376009677121,0.882947580931968,0.4694715852172374,5.02962145704412e-17,9.459341605191513e-17,20.82268202206985,14.558809370648094,4.73161304546063,4.0937307935923054e-17,6.649032207653092e-09,0.2653810648231524,0,0.11178917835352936,5.071094808032505,surface
158,27.839880903240186,14.854639340744004,8.851840791631847,27.851546185863334,-1.8373693891882432,-2.1652690145308853,27.839880903240186,14.854639340744004,8.851840791631847,-0.0005832641311574349,0.8346004364966122,0.5508554903081365,0.0005832641311574957,-0.8346004364966124,-0.5508554903081366,0.00038496765211022823,-0.5508553557899972,0.8346006403049201,-0.0003076998290327418,-0.00016559020227050058,0.4738905226165814,0.8805836987333365,20.82268202206985,14.558809370648094,4.73161304546063,0.00013030499394379452,0.0109994528383968,0.2537564236036429,0,0.1116535085332109,5.071544163996691,surface
159,34.31806239048838,13.618968472029794,36.6332249411021,35.51962658124331,33.56830065203085,35.87139223803022,34.31806239048838,13.618968472029794,36.6332249411021,-0.060078209537746466,-0.9974666090000527,0.038091635153594074,0.06007820953774658,0.9974666090000528,-0.03809163515359416,0.0022901393062860834,0.038022729131827554,0.9992742503093561,0.7201224566225175,0.6931949007236989,-0.020856942102431542,-0.021667142053059148,20.82268202206985,14.558809370648094,4.73161304546063,4.372234599870717e-05,0.0065725837165716205,0.25768189491377635,0,0.11133719426423994,5.072591837701761,surface
