0.7508753192873994,0.2099453326552137,0.03917934805738697
0.0,0.3747669354856601,0.30218361037165287
0.6407924594582657,0.3423158639813667,0.01689167656036766
0.609709454178588,0.25399897563855733,0.13629157018285465
0.703003741412664,0.09215838861504945,0.0
0.373160792890048,0.5548109869586658,0.07202822015128615
0.039868524547291506,0.46975890956002486,0.49037256589268363
0.43506062749347163,0.0800174296890852,0.48492194281744316
0.7220452970812434,0.13011673468495835,0.0
0.0,0.21217790199423073,0.4668651232662513
0.03848418652052765,0.0,0.7738896813071363
0.22560000212035747,0.22193821094157576,0.5524617869380668
0.31240711699509416,0.09611695233948571,0.5914759306654201
0.02528922514192078,0.429922923194673,0.5447878516634062
0.0,0.3428475474065641,0.24256994699803247
0.21970657082029993,0.0,0.20128689854623616
0.0,0.5931940317227214,0.23027063714888726
0.890313426256029,0.02947326711798839,0.0
0.7993666529713374,0.1232663409220628,0.07736700610659981
0.0,0.4199512384278672,0.2505953210463281
0.05528433394627874,0.6153263771588027,0.32938928889491864
0.09408442679509338,0.0,0.7717207585225204
0.004104565480075983,0.01372080523710363,0.9821746292828204
0.2710186479770256,0.18100187652294827,0.5479794755000261
0.18759879443642424,0.3708995955971912,0.44150160996638455
0.3332495520201719,0.21673252144943503,0.0
0.0,0.18465422487969177,0.7887601779652591
0.376567839596476,0.2286887081223705,0.0
0.40352310127734,0.4558433587888117,0.0
0.3650667719207933,0.3768427710246639,0.2580904570545428
0.25045418414682663,0.016363628262370013,0.7331821875908033
0.15160001472091822,0.4370391493330704,0.41136083594601136
0.2460013133776526,0.0,0.4673948961380375
0.40123174231466113,0.0,0.5511790550356778
0.0,0.5825949907126974,0.06493955502815359
0.17470081606728594,0.6297069152128933,0.0
0.03370027804568186,0.55141717452265,0.0
0.0,0.6246444892957075,0.014226912655430989
0.39892827618152843,0.0,0.26443445131644644
0.6453071493358158,0.27093002968943264,0.08376282097475153
0.0,0.21660258269639582,0.08625659094542519
0.18299943503889915,0.6434333577715183,0.17356720718958257
0.1903595005540717,0.5119802591295836,0.2976602403163448
0.7565174103264143,0.0,0.057675266016289826
0.8594068090457732,0.13792259676967622,0.0026705941845505785
0.4285572271243778,0.024198380803927073,0.5472443920716951
0.1978897131005211,0.0,0.24686847654773816
0.4825137435327488,0.0,0.399615171390695
0.07229832306062411,0.1361339435262451,0.7915677334131308
0.3296464410863496,0.16702284246775478,0.0
0.010094757509178766,0.8071256282179434,0.0
0.3538327946050355,0.005837614878806322,0.0
0.4754501686191165,0.23736295917962805,0.2871868722012555
0.627636607286082,0.3137737338290507,0.05858965888486731
0.46753331878958926,0.17246663040000085,0.36000005081040987
0.17857651156709797,0.3941177598780214,0.42730572855488064
0.0,0.02094678519939567,0.933163748326596
0.0,0.2363184975798591,0.2137063994249466
0.639868020704957,0.09639214727285723,0.0
0.7941746744202357,0.04331628149715944,0.0
0.023822522035277793,0.922894365310481,0.0532831126542412
0.0,0.5734496065045278,0.20761408032720166
0.0,0.2504879542054002,0.25459315910946206
0.2091282297907351,0.07173346630868015,0.7191383039005848
0.4338806118158325,0.23983937764719826,0.32628001053696926
0.0,0.06905519485088779,0.9189369056700161
0.0,0.31457422804786644,0.3176252145045902
0.8040082529674627,0.0,0.023897370132787865
0.11295788009230728,0.03944809861836693,0.0
0.0,0.31337717101875395,0.31912693658431557
0.804066874270288,0.0,0.131404992395146
0.35016154300667773,0.0,0.4310090173917834
0.33370960805668504,0.1862197516792893,0.4800706402640256
0.8276199120890905,0.0,0.13981871616374397
0.563810921197686,0.3603018295785539,0.0
0.3012600046526315,0.0,0.26638043948691204
0.7206137242752539,0.0,0.017321504617729296
0.30012554262034774,0.13051489472763,0.5693595626520223
0.0,0.5554644766767578,0.23964715077869722
0.421976413146699,0.017958961674466454,0.5600646251788346
0.5058289761976242,0.19363484227062908,0.30053618153174666
0.19124295775295808,0.0,0.7640956394237373
0.0388160948608709,0.6536386348463925,0.30754527029273665
0.7518138985900524,0.16651223398049522,0.0
0.3216239037665388,0.6674182746892444,0.0
0.6357156553359082,0.227413260747714,0.0
0.12554746923460758,0.3106211340202845,0.563831396745108
0.0,0.5686165807306682,0.3046474640820337
0.19636431464711374,0.4968943895480132,0.0
0.0,0.36043298848937627,0.3151794703317083
0.31304582743336296,0.1770830088423689,0.0
0.19699365235429767,0.6846614555356164,0.11834489211008588
0.0,0.23024128316580397,0.30764358936951325
0.1085722514786504,0.0,0.3991761209484352
0.6890028967570118,0.0,0.07647824219812589
0.0,0.42090014190411495,0.21939852920573769
0.018235376409551023,0.0,0.44958575265008455
0.45655702614513016,0.4468011623675058,0.0
0.8126955777879316,0.11497350076021971,0.0
0.5904886818685215,0.09765470769615975,0.3118566104353187
0.9133568652459996,0.06473202801843418,0.021911106735566205
0.420232832484131,0.07580560848875173,0.5039615590271173
0.7206291301858834,0.0,0.17240549158460128
0.0839356647951387,0.8582673520502715,0.05779698315458976
0.6280738378171693,0.22558515634541815,0.1463410058374125
0.12003642053602515,0.6250902173175459,0.254873362146429
0.0,0.09742441762293028,0.2427287351030579
0.6200581204205659,0.0,0.004491789639894622
0.6580037879690908,0.3413007276876313,0.0
0.5611482901583842,0.07146987597176872,0.36738183386984713
0.0,0.1886700905694086,0.20371184400152248
0.3034954354328696,0.34673554856189015,0.0
0.14005098023918888,0.0,0.6471392928014918
0.0,0.3736851894334612,0.5921827013327933
0.9763755183093832,0.01398862963471221,0.0
0.7361048757718426,0.24480716830819313,0.01908795591996429
0.6285198291322869,0.09828409793224407,0.27319607293546905
0.11076551242318888,0.035178301636284076,0.854056185940527
0.0,0.4639093072614717,0.05631386818427909
0.0,0.714670583905571,0.22599357481759447
0.0,0.5914225949629881,0.22310380560920123
0.6655679405609007,0.01097271570222121,0.323459343736878
0.6575385967448923,0.2548918306982126,0.0
0.08102550952091252,0.0,0.3389225587066671
0.40437189989851224,0.24639333786365783,0.0
0.0,0.45687660810269537,0.28621485905281574
0.23989825913016555,0.0,0.46775006389496415
0.5567139237469885,0.27163558920943887,0.0
0.7353972699993248,0.07249302878464702,0.0
0.0,0.9709085985127243,0.025104456385681578
0.7976550413217073,0.2020558715046896,0.0
0.28134890062309026,0.5437669428558599,0.17488415652104985
0.0,0.0028355870366810285,0.3057079057821823
0.7921603391729085,0.0,0.06097698797244522
0.0,0.48996174756793975,0.4983014148622852
0.2641469503665812,0.30005725701672104,0.0
0.3208763839789005,0.21363977269721254,0.4654838433238869
0.0,0.14733477356389613,0.5044143536433875
0.7732420793953839,0.17341463632408066,0.053343284280535384
0.12768379308105263,0.6922335388637263,0.0
0.0,0.0621143941214027,0.5323077581142519
0.0,0.5019537329510664,0.3854378799411798
0.08779384167723026,0.6995486158946583,0.21265754242811147
0.0,0.1754449272072823,0.7307729200004658
0.0,0.4463870360560076,0.19910967039560568
0.5269267978640821,0.0,0.040123184272324905
0.08163788276869215,0.0,0.7837064300149853
0.0,0.005130251278787705,0.8900733198952346
0.0,0.1611428639758989,0.53975473652746
0.8568618823412646,0.08814130259321121,0.0
0.6206470033352072,0.24894268350891444,0.13041031315587834
0.06241332152223911,0.032046160364553926,0.905540518113207
0.07124027867414165,0.23875203247547586,0.0
0.0,0.07866914345456055,0.31315418670153655
0.29049638851010723,0.4401471725194555,0.0
0.7401568161613336,0.22264933234084922,0.03719385149781724
0.022493377894235844,0.0,0.20730457988631182
0.9772240441319026,0.006284429249277439,0.016491526618819956
0.339457299113628,0.27358193875924625,0.38696076212712577
0.11987280391284927,0.037368398974194646,0.8427587971129561
0.10299065612930512,0.0836596861685746,0.0
0.1923753306975725,0.21419292978746496,0.5934317395149625
0.35631419770628464,0.0,0.5509494450217741
0.23563839612762133,0.17424066966846335,0.0
0.0,0.046212805680029174,0.3370152397725502
0.2508206236456726,0.0,0.6769729814306591
0.09273784937864027,0.8108593130621877,0.09640283755917203
0.26587346712968696,0.3127165875014791,0.4214099453688339
0.2966976577932288,0.0,0.6083989554442643
0.695441175756645,0.15304447891363085,0.1515143453297241
0.2623752161179283,0.0,0.36570242075410236
0.0,0.6378811123651803,0.22107031589277004
0.25505810208799673,0.0,0.25233913807395303
0.13263103904188922,0.13166811149222635,0.7357008494658844
0.4601656131060693,0.24988973994101105,0.0
0.3761033755029565,0.49007558288164493,0.0
0.0,0.39986443256426374,0.28180971089236584
0.3934488148376778,0.4997450190652477,0.1068061660970745
0.5318235199429254,0.1201910906695858,0.34798538938748874
0.5435141388443504,0.44268701428694757,0.013798846868702041
0.13311430362971377,0.680264295502822,0.18662140086746426
0.6551662023032538,0.33365877777959485,0.011175019917151382
0.0,0.04746280877433969,0.24576466284273976
0.05966526810252248,0.0,0.36020538462535057
0.5812560311432272,0.220451987797202,0.1982919810595708
0.09274721118813878,0.15421348739299265,0.7530393014188685
0.5165254985221719,0.0,0.11474831170142079
0.41383460400415234,0.5813480211257693,0.0
0.6295796201737647,0.0975869950890463,0.272833384737189
0.7515046354513947,0.0,0.05691346534400641
0.33012724551505257,0.07715999881187381,0.5927127556730736
0.35344691734661726,0.0,0.2733849394515786
0.2609552219373884,0.6745041299609623,0.0
0.012277546155601615,0.05812602169914321,0.9295964321452552
0.37571072659748095,0.5585584844836606,0.0
0.08073118552761836,0.35778982769196843,0.0
0.0,0.43816088915605644,0.031730503836977696
0.1900161241758801,0.4149085471006085,0.3950753287235114
0.3986478061408675,0.13901712821713183,0.0
0.5682330441408949,0.0,0.2889280438586595
0.24739077150911537,0.08931768167653897,0.6632915468143457
0.25776771257887,0.6955098268178127,0.04672246060331726
0.0,0.09582283792825438,0.8144226920463705
0.686167445039176,0.15676361485995816,0.0
0.11032585435637574,0.052701029921315395,0.0
0.1306865532073335,0.0,0.09170755001039052
0.21867141377371527,0.5569305798132118,0.0
0.3027252509790165,0.3086528618734977,0.3886218871474858
0.43036144407127536,0.0797215446109501,0.0
0.0,0.5796465815887144,0.06738980634847232
0.1294195506830741,0.8703761562223773,0.00020429309454859874
0.0,0.49518392038299086,0.4139978461840307
0.0954926142835232,0.6536556139664301,0.0
0.379218652940423,0.2994500259428784,0.3213313211166986
0.4797147306572028,0.4798890924012937,0.0403961769415035
0.27756074942646325,0.06340082272027517,0.6590384278532616
0.4970578316313932,0.06396767453065373,0.0
0.05285063710011904,0.6982120347503883,0.0
0.17741117044440868,0.7793971949354528,0.043191634620138517
0.08090087975045346,0.0,0.17615788963778362
0.011603976749102575,0.0,0.02106810648333362
0.0,0.25227557791608807,0.2084598546704919
0.05421382029616173,0.39359996552997395,0.5521862141738643
0.19607788733698883,0.15278155151573716,0.651140561147274
0.3725392244422857,0.0,0.04214179988487454
0.05646199767915083,0.23900534754249042,0.7045326547783588
0.20204558522938496,0.48348774020953206,0.0
0.0,0.6436570100666412,0.046337016486241736
0.03276582781486925,0.03748161207197203,0.9297525601131588
0.08445477016054657,0.159444168302375,0.0
0.3066127786766525,0.15726034474042858,0.0
0.5016604291695308,0.0,0.2636965627987417
0.5578614362193633,0.041570399291855534,0.40056816448878113
0.0,0.04133922675250691,0.7829950556893662
0.5372989201042209,0.3463384521490487,0.11636262774673047
0.6851080016913508,0.2759295400598847,0.038962458248764514
0.0,0.39286809024096186,0.06208812703806348
0.34981999856035084,0.2081622592156853,0.4420177422239639
0.26509858649739254,0.1545897492627044,0.0
0.16985954543381418,0.19714457569202185,0.0
0.07248618003884122,0.27534962301906574,0.652164196942093
0.43396360223276464,0.03431920690284481,0.5317171908643905
0.22156012490855137,0.0,0.3790717811023212
0.0,0.17525291869696188,0.05984367741031406
0.0,0.3670987088359348,0.2307052920724349
0.48540581297338803,0.10135423571168574,0.41323995131492625
0.0,0.5767065197839621,0.20462891864295865
0.2841348405756163,0.0,0.16906522305236546
0.3658471798128964,0.0,0.5766842271242096
0.0,0.6311762338932051,0.3330159777116985
0.6840394689572917,0.16869310724165407,0.14726742380105415
0.672276097471397,0.25295714865320945,0.07476675387539346
0.0,0.2109348673416173,0.1286625974766407
0.4624525833207663,0.0,0.3246746340401328
0.3374371396776155,0.0,0.011803413823295786
0.07675446498222027,0.48191580972756143,0.4413297252902183
0.13151193736592304,0.7901483346189005,0.07833972801517639
0.1868156080506625,0.7186173592296459,0.0
0.6827116236905048,0.04258867748551224,0.0
0.0,0.5699518474627523,0.4283853758837247
0.06340705705616372,0.14677168341051922,0.0
0.3665452153577863,0.6250373820037813,0.008417402638432419
0.26088685796301786,0.0,0.3082674874808487
0.883612762632311,0.0903715794967814,0.0
0.2404863671417129,0.426853629985858,0.3326600028724291
0.7842421042134473,0.1136392718294714,0.0
0.31017024410681604,0.0,0.102553869143814
0.4870351539695192,0.502224237646471,0.0
0.1952973186104417,0.5108468216869306,0.0
0.09178873399972784,0.6108292819026868,0.0
0.3656104426813678,0.6197243879958685,0.0
0.23913855186042632,0.3778965858887501,0.0
0.15474241168832692,0.4757534444082797,0.0
0.0,0.12047328135311942,0.644217965363447
0.6421556056778492,0.3109860257836659,0.04685836853848488
0.02064295834980839,0.0,0.5460012213713417
0.24447605155659133,0.0,0.19507863496731612
0.0,0.2518733874558326,0.06950408391863941
0.06933109736543785,0.8006971660600372,0.12997173657452496
0.23232092243732727,0.4977613368706886,0.26991774069198415
0.34722468244562826,0.25166828923454704,0.0
0.5190226703791776,0.12024986724989403,0.0
0.2227049795048516,0.0,0.4341960813006206
0.5600006399993354,0.0,0.2357060786757738
0.0,0.7659540165652878,0.1967346098809756
0.09038289210500267,0.0,0.8754222744047766
0.07005964448349533,0.5556335547209258,0.0
0.4385145662376432,0.0,0.13529939280985992
0.0,0.5374176889356446,0.1341822665328285
0.5333240080631481,0.22029010435015622,0.0
0.32042814106987316,0.6605915372833737,0.018980321646753156
0.23684805020740377,0.574788204414518,0.0
0.2554202370600154,0.4545823291671739,0.28999743377281073
0.39210212714378573,0.17421540454146592,0.0
0.41201121969664034,0.17588222867654005,0.41210655162681964
0.3847010583791559,0.024318840749124618,0.5909801008717195
0.6923642279425413,0.2241070815542345,0.08352869050322416
0.5924921688924578,0.017594242320511027,0.38991358878703114
0.14963901656685463,0.0041304905291539695,0.8462304929039914
0.3762238289882499,0.4550416526778018,0.16873451833394829
0.5368164806902737,0.43950268621697447,0.02368083309275185
0.18265069969325112,0.5674642318838088,0.0
0.0,0.4592597385423843,0.4099580376641469
0.0,0.26076423176780383,0.24660384206555375
0.09072013003490254,0.3965700696734213,0.5127098002916761
0.0,0.650415786318298,0.3126547508829236
0.4032397063618727,0.0,0.36967330884348715
0.18210779500500218,0.3526350070218504,0.4652571979731474
0.13715663443929246,0.0,0.09213791482661438
0.09906584035620547,0.8733126307248373,0.0
0.0,0.00312653028230787,0.6233594905233791
0.07568784381443767,0.0,0.8855095347428645
0.292707857270719,0.0,0.4681978693145411
0.01228110847623608,0.0,0.05568063696432489
0.06912870120985631,0.0,0.12719246250775137
0.23712931315305705,0.0,0.5877457111202701
0.13092239702867248,0.0,0.6191896038298214
0.8371121944218219,0.12445867163662877,0.03842913394154931
0.427920622530522,0.0,0.4343206205229435
0.07688281509378148,0.8485713940938433,0.07454579081237525
0.2954309952607138,0.02296362530057067,0.6816053794387155
0.0,0.6367541421818069,0.04571009890138346
0.02983436618716003,0.0,0.04414609633253149
0.0,0.8157321703620068,0.07120058497720105
0.42492081697725714,0.1510903216621374,0.42398886136060543
0.06257607253572861,0.924327874351475,0.013096053112796423
0.38921314064720336,0.12762978238712056,0.48315707696567606
0.0,0.6027882391162781,0.14892840339651447
0.0,0.22168298637977443,0.29826103772217394
0.1995652036153875,0.0,0.20116951235631203
0.11971146583558867,0.5109531778175792,0.3693353563468322
0.43920951473323017,0.26548224685213245,0.0
0.2675466405618371,0.6055648679620774,0.12688849147608544
0.017444172842206673,0.1361631283505322,0.8463926988072611
0.5611018188688558,0.42051924458799245,0.0
0.0,0.28697316142096657,0.6380360935070063
0.05707192119742995,0.37606696272438284,0.0
0.22910915539125776,0.28489936776777053,0.4859914768409717
0.40506352675725044,0.5320316790012346,0.0
0.3880654148939302,0.04230912356227505,0.5696254615437948
0.26381526388726323,0.05415669389452758,0.0
0.09946521319833412,0.06226132039628134,0.8382734664053846
0.3059081102892992,0.5052162238115646,0.1888756658991362
0.0,0.5348525856803481,0.21640814160358138
0.008968064935420794,0.7172546954326924,0.2737772396318868
0.22076227600681952,0.05174004383874536,0.7274976801544352
0.3480955701438274,0.5622987320488851,0.08960569780728743
0.5082224418994453,0.0,0.10004096144420299
0.0,0.5887658640578635,0.05746883994219683
0.33591726226922364,0.008174416180966081,0.0
0.0,0.8413070421672848,0.05018079197156191
0.1339677263396044,0.7813010091621831,0.0
0.0,0.4081241945615301,0.12516478392331437
0.0,0.24898157593065393,0.30219590765330384
0.0,0.5364951911480371,0.398563232874127
0.0,0.03165747969156512,0.12316614747158934
0.27857263444804947,0.3527046136528092,0.36872275189914133
0.31906262058725177,0.3409186808144685,0.3400186985982797
0.0,0.00906174788054598,0.8216769412259983
0.0,0.3435324142707741,0.0606849779199312
0.18248502105762388,0.679112912991229,0.1384020659511471
0.5820233131402436,0.03176330114429461,0.0
0.41087324943462894,0.3757109979093171,0.0
0.022760017485302347,0.17747736631896113,0.0
0.32049488803651416,0.45201629017750283,0.227488821785983
0.49518355833772304,0.0,0.22748572562443076
0.5370460035219626,0.12190378816237538,0.34105020831566196
0.6263375130159294,0.15640569752895944,0.21725678945511112
0.1591461364394556,0.0,0.27499013595931715
0.4133646123328836,0.3058970397374206,0.2807383479296958
0.6888567061545896,0.1438191206922472,0.16732417315316325
0.31817132557955796,0.0,0.6551322219993073
0.19440524598066714,0.0,0.4419861913405913
0.22562395779777147,0.0,0.6738034169839554
0.6267781730088818,0.36034751458558384,0.0
0.24153524014236455,0.04260430304502623,0.0
0.19273952906450698,0.7040153295402745,0.1032451413952186
0.0,0.3714187424609408,0.562074207025671
0.10654595324684457,0.0,0.6898424155574269
0.3449991440025344,0.4544784578487275,0.20052239814873815
0.0,0.10001672140482532,0.5565473330772475
0.8105299865219857,0.04500588698525067,0.14446412649276358
0.2688360298200715,0.11011372846709075,0.6210502417128377
0.0,0.9881768786383281,0.008589391249877567
0.04626451308222755,0.0,0.9328715989940936
0.7990044059135545,0.15320916259545844,0.0477864314909871
0.1598827441187224,0.8293522723183716,0.010764983562906045
0.45066870952317784,0.024654165462908953,0.5246771250139132
0.2393974390083756,0.7108599752779517,0.0
0.7875976796047686,0.015263690773246852,0.19713862962198456
0.032594137907423826,0.5728327659492443,0.3945730961433319
0.22322453626605576,0.6919124719396975,0.0
0.0,0.2196577621271748,0.12313136000566288
0.7554098585034564,0.002674524983682485,0.24191561651286106
0.3698444687920057,0.543778902366447,0.0
0.0,0.003455407873990838,0.39120605588270707
0.2686326825897465,0.18841296345953362,0.5429543539507199
0.18133284161790525,0.0,0.7756127461135548
0.0,0.6599391955578567,0.093352324074034
0.0,0.28030658077222853,0.3499578886950135
0.39788568474799274,0.0,0.26920955197161706
0.7487686908367689,0.19904323963416928,0.05218806952906182
0.01574783649635858,0.7412139988377564,0.24303816466588501
0.05989345955032453,0.4974701426709568,0.0
0.5648408432850645,0.350639367914554,0.08451978880038154
0.4651660988303048,0.1322468186742304,0.4025870824954648
0.5458855352029922,0.0,0.4361395127929736
0.6929396582298408,0.09132341780580729,0.21573692396435196
0.6241648850481225,0.3071261760606918,0.0
0.1586654087692294,0.7840770349359373,0.05725755629483328
0.0889461162153865,0.6212439126481815,0.28980997113643203
0.01212473440828754,0.962773763333573,0.02510150225813947
0.5350934450392592,0.3825964020860491,0.0
0.028721280333058652,0.5220016781481582,0.4492770415187831
0.18273038747401998,0.1735493576574143,0.0
0.09570754617843788,0.0,0.7963622746130571
0.5638472054516803,0.17485144357987695,0.0
0.26277846268583505,0.38898488890768745,0.3482366484064775
0.8842361761321273,0.06387857236644637,0.0
0.014198894986056865,0.9182361991911224,0.06756490582282071
0.16045350155981175,0.10397252952949733,0.7355739689106909
0.5573534053947002,0.13758428207935222,0.0
0.15854350967321876,0.5170331757606743,0.0
0.5613127250299199,0.06025099432890973,0.0
0.0,0.0599658748903565,0.5413651733456901
0.3742949243577839,0.4540747807795738,0.17163029486264234
0.02055801574681789,0.0,0.2790304273733988
0.7217265997971811,0.19252263416428667,0.08575076603853225
0.3253097174543698,0.5577926797070872,0.0
0.3321131136785016,0.5058237544900174,0.16206313183148108
0.035280098399219084,0.7989789507594902,0.16574095084129076
0.21755446924788913,0.562070187668097,0.22037534308401382
0.8124473882228782,0.1099388951399081,0.07761371663721367
0.6031078971338942,0.12798314460910473,0.268908958257001
0.13733896689540623,0.3163346966701655,0.0
0.04250318957779644,0.9452903234549935,0.0
0.1928988367060637,0.2747593997782678,0.0
0.0,0.2410545311217307,0.47710678521886096
0.03243763423736035,0.4229486426520302,0.5446137231106095
0.0,0.2410820401477831,0.7474485511413066
0.51383085722812,0.48503510090473145,0.0011340418671485122
0.18607872197298492,0.03554628507730291,0.0
0.6080793032541424,0.07932681816815458,0.31259387857770304
0.11590118001959963,0.13575032246460583,0.0
0.21263732664009624,0.0,0.22909136961172796
0.24596438101125795,0.4309839762557856,0.32305164273295645
0.04477814289263571,0.04687660300295552,0.9083452541044088
0.0,0.43663686412853153,0.2963153059987831
0.3299455215017818,0.46124949661895986,0.0
0.0,0.186372030957993,0.26292436520999446
0.3066015977672643,0.5881517876266386,0.0
0.21400451114170937,0.5660865497995256,0.21990893905876507
0.07041039743727506,0.5963756097788545,0.33321399278387037
0.20432115961517036,0.7697646204913786,0.0
0.22132786326668855,0.36850327846507214,0.0
0.1391933358126893,0.16177021436480202,0.0
0.5246801519852317,0.28813719444604957,0.18718265356871874
0.0,0.5947367331150254,0.06695924365666182
0.02753218468451446,0.26563594439848187,0.7068318709170037
0.3849310425867558,0.3243872332293704,0.2906817241838738
0.0,0.11150921133148631,0.766427696233841
0.2359520522533348,0.49921914697222997,0.0
0.5724385770079619,0.03865500668142038,0.3889064163106178
0.33542539963770307,0.0,0.23090852920062074
0.0,0.6289935948668138,0.17920927881207796
0.17972358641437614,0.6020964711759513,0.21817994240967256
0.3406368627159643,0.5455839964271446,0.11377914085689107
0.521830989437715,0.28377239867632925,0.19439661188595575
0.3471991570926215,0.5024518180216758,0.0
0.0,0.27180032518651887,0.1391413271349692
0.43188834436757884,0.0,0.5359286279289017
0.0,0.058906102103177434,0.37457236222518653
0.0906362912264032,0.23694936601841643,0.0
0.33878569610141357,0.3666557985424575,0.0
0.265421127007156,0.0,0.4553767629104644
0.035914531874002224,0.0,0.6769619755087596
0.0,0.5663077444224506,0.09450046477204743
0.0,0.8048799659951493,0.19252411101156136
0.3026617659481291,0.2603746206800346,0.4369636133718363
0.6527212543373985,0.0,0.038615552682039124
0.32806438968745205,0.0,0.3213707977751317
0.060707774144236996,0.0,0.19779900468653738
0.0,0.6886052780432923,0.0814314945524169
0.16152725680031557,0.0,0.3159324506339164
0.14713986407588558,0.6513643502079527,0.0
0.08642952916057522,0.0,0.13903324370553932
0.0,0.2253670863780974,0.7652827514823858
0.5497240383108671,0.0,0.1351154166073437
0.0,0.8420275537032412,0.10494413097940995
0.0,0.26987192699500623,0.4197375082891514
0.7543766733915084,0.2355763656223209,0.010046960986170706
0.09324008354261326,0.3646426872038809,0.5421172292535059
0.19490141618113976,0.041015013910275205,0.7640835699085851
0.8163567791325256,0.0,0.06781348024851987
0.3456531015517279,0.5782242906102717,0.07612260783800039
0.0,0.38167012953101903,0.41703929463188955
0.0,0.41431202211670787,0.5110144088235347
0.0,0.6261899322548641,0.16820634346141058
0.48317976585076466,0.0,0.10645879702983882
0.0,0.4081191162816661,0.4058400929949413
0.18033287938696274,0.027768514797217637,0.7918986058158196
0.019904615607937326,0.6694198062864084,0.3106755781056542
0.39097428499145526,0.5788766703295477,0.03014904467899702
0.0,0.1113909673659101,0.5405919829588136
0.0,0.6513736050130828,0.24980504608061635
0.288830319302952,0.03792318362518683,0.6732464970718611
0.8070456598947989,0.0,0.051192706245828216
0.321981221164493,0.6353461244152078,0.04267265442029917
0.0,0.21705960861285667,0.24715493425789448
0.30877017395642464,0.5544817260015256,0.0
0.19462127753665803,0.16753223850965887,0.0
0.5543727302651822,0.18705889446945334,0.25856837526536447
0.697152744703867,0.09457004945088558,0.0
0.08363781901033814,0.0,0.78080986604184
0.22013654910532,0.0,0.7257428760159874
0.08528956708752473,0.4368086012830334,0.0
0.048526069738165485,0.0,0.284226478862975
0.022223614765303767,0.2216605884067445,0.7561157968279517
0.177379793270196,0.21558723845402186,0.0
0.5554024491130889,0.09564681267691877,0.34895073820999234
0.46025056409620424,0.08809071601215424,0.4516587198916415
0.4098648692277107,0.0,0.31772797984812196
0.5937319649925844,0.3458560117472619,0.0
0.0,0.32602383179916605,0.5460690661938556
0.07388104766833044,0.7676399288038162,0.0
0.06319753759237375,0.0,0.35534823989917336
0.4019342581906449,0.5462933793497342,0.05177236245962093
0.3083317803406911,0.6242236290277978,0.06744459063151108
0.6160391250588338,0.31833719390051024,0.0656236810406559
0.3301026006792177,0.0,0.19280245965838558
0.44472240820212794,0.34435354251896905,0.21092404927890304
0.6432421012380536,0.22804416542098094,0.12871373334096553
0.5121967783290224,0.0,0.22958465302947256
0.16034042819473981,0.013839437494977604,0.8258201343102826
0.011082245418492275,0.2533636497602025,0.0
0.2874378197194112,0.4061925586256767,0.0
0.0,0.19327752156028516,0.6911495219361216
0.5385666601099658,0.3262975656228639,0.0
0.8916216094764096,0.011192378130536066,0.0
0.33049224562324375,0.3412713074618776,0.32823644691487863
0.09415394098121688,0.4594361707556006,0.4464098882631825
0.0,0.27625018383182504,0.21441576283073832
0.39932491193864605,0.2040595714247492,0.3966155166366047
0.5800528885469013,0.10491374394132097,0.31503336751177774
0.3230309920284528,0.3606974185473926,0.0
0.0,0.39116769711771404,0.23497926839073846
0.47608453785494326,0.0,0.014758732868321531
0.717115765738755,0.14993712147792537,0.0
0.4397797110853209,0.17908313665212156,0.38113715226255757
0.0,0.3687692044021519,0.1535375351157637
0.0,0.1652251170471462,0.1965625704858806
0.33169487730860125,0.33074130965731974,0.0
0.19609316669000965,0.354329061092719,0.0
0.3923217616690815,0.5772954023537881,0.03038283597713045
0.34723637633665677,0.13855911831160844,0.0
0.6051967298316984,0.0,0.26839098174619486
0.02414794073443416,0.0,0.9402188708858732
0.0,0.520490311285918,0.1851525536173471
0.0,0.4300280402931248,0.3718437844649425
0.0,0.9023578593951349,0.028862993360378807
0.38210674125114247,0.6173079060968233,0.0
0.5313023384978516,0.0,0.2519705926888658
0.05671877653593216,0.704378005571854,0.23890321789221375
0.04679055472805871,0.49240369720303545,0.46080574806890584
0.11036440729497432,0.5372906699892986,0.352344922715727
0.3210807182933231,0.26889633590696504,0.4100229457997119
0.7151245878916552,0.011751974636025947,0.2731234374723189
0.1131541852798591,0.012565962032072745,0.0
0.4524692849096637,0.0,0.23832781502846181
0.0,0.003124957989994902,0.6999500974163377
0.010086409043874521,0.0,0.628163062450597
0.2462312348661796,0.42028902386182,0.3334797412720004
0.0,0.18501954753015626,0.5580569648859118
0.08533446493666719,0.7562224404422093,0.1584430946211235
0.6703682308055512,0.17971685616350358,0.14991491303094528
0.0,0.18036084749368964,0.29416804109534606
0.10949172998807566,0.6204393256905952,0.2700689443213291
0.0,0.129861137696047,0.7909194372639456
0.0025912504790888136,0.1219726543809543,0.8754360951399569
0.8653298086051298,0.0,0.06896779729305738
0.0,0.9188012087722418,0.024543376770247496
0.0,0.09183746109480068,0.46882994711607867
0.5851321957481403,0.04863561189861627,0.0
0.10077252355805792,0.0,0.4169968312907502
0.22134770391867742,0.003032186020945682,0.7756201100603769
0.0,0.5375016976201948,0.4314179864646308
0.3907718903885319,0.19628933854045957,0.0
0.12388474599056377,0.0,0.6224407740618128
0.2987903523910718,0.24554376417106788,0.0
0.24626378933585963,0.16580413440088004,0.0
0.5582019354742987,0.33915115845810506,0.10264690606759619
0.0,0.02572550094096462,0.2149928916636096
0.6358073357350337,0.0,0.33850961629303067
0.0,0.5557612252124188,0.07896675471885045
0.6435211309581323,0.2697810599962681,0.0
0.7538774381565401,0.0,0.07154940456769017
0.5619119250526381,0.03887352322325631,0.3992145517241056
0.0,0.2484574948770896,0.17042464436865076
0.09889612057735275,0.8492945687650549,0.05180931065759228
0.0,0.025383009092906868,0.4891184103604678
0.0,0.5626893093876573,0.39297024490036203
0.6257602310156086,0.24976645722299562,0.12447331176139574
0.17676940383968387,0.37600695122656286,0.4472236449337533
0.09751793589515922,0.6799846228520565,0.2224974412527843
0.5149676418880438,0.01531796729833857,0.4697143908136177
0.4744456607956071,0.0757624151429538,0.4497919240614391
0.017900775817839443,0.6032041684537801,0.3788950557283805
0.3947678395118691,0.1196226788165292,0.0
0.344288897531811,0.43673788745524555,0.21897321501294345
0.0,0.426674195656283,0.23098498145779497
0.0,0.057020185648032386,0.44600541005230926
0.11920996461296718,0.7215955031985393,0.15919453218849358
0.12145043211600448,0.4329824362873276,0.44556713159666794
0.38492438332853285,0.47538892231721697,0.13968669435425018
0.24777994607113082,0.0,0.6660722252786634
0.5383995944553315,0.2281505134207731,0.23344989212389536
0.934381590481949,0.012958458151629574,0.05265995136642143
0.6506200184699451,0.0,0.10513613403940825
0.17640768851973224,0.8206268005790043,0.0
0.01923557085428231,0.1773459893869687,0.0
0.543931941802037,0.40018922294035847,0.055878835257604564
0.0,0.029105127651921053,0.6912521743080745
0.10003292479953985,0.2054950905440792,0.6944719846563809
0.0,0.02034356823448492,0.27805550193004025
0.3713230927106561,0.3591085425420501,0.2695683647472938
0.36517748593630156,0.0,0.4991579817091529
0.3904565574084472,0.341572233686698,0.2679712089048548
0.28567420181953207,0.1488789255143291,0.0
0.0,0.31456564828601435,0.12758345257995748
0.3596494812097094,0.15452576151544606,0.48582475727484453
0.3076004947966159,0.05707309911502437,0.6353264060883598
0.07166039736742136,0.46098085929890725,0.4673587433336714
0.08994852545584245,0.7114579997035136,0.0
0.5235959804522172,0.0,0.30730831879980947
0.4749321076570789,0.5165249874992909,0.0
0.366700662907334,0.2750496314447401,0.0
0.3648981158513791,0.29494234787573237,0.34015953627288853
0.039090551755363245,0.20109658058546445,0.7598128676591723
0.504141565560231,0.4080596957092872,0.08779873873048179
0.14570775123329915,0.16947702781877844,0.6848152209479224
0.13133830623301068,0.6225027376507168,0.24615895611627245
0.6872892751352409,0.2376554638313142,0.07505526103344495
0.2909062160279364,0.3933681483125553,0.0
0.38645468744497885,0.0,0.06138732858473
0.0,0.3052398929118676,0.12531239520478576
0.31895072831484783,0.6004247664325397,0.0806245052526125
0.14557357845437802,0.39241313839657266,0.0
0.0,0.17955987068641163,0.7126623256446766
0.04731700372554015,0.6331337889356918,0.319549207338768
0.13766847681100122,0.7582782879514849,0.0
0.5122223261245619,0.0,0.00355948105912043
0.47642154963309613,0.21998821627374515,0.3035902340931587
0.4952937982177479,0.4107882932960621,0.09391790848619001
0.2736146704482577,0.0,0.09386062947846668
0.028507144594613454,0.43996013041547893,0.5315327249899076
0.5877527694204103,0.0,0.046319622469561055
0.5259857865571184,0.18696349676783092,0.2870507166750507
0.5203119351237102,0.0,0.3998353631433899
0.0,0.5648826440817455,0.06693639857033419
0.04230909736268762,0.0,0.14508570275104707
0.33831265404750116,0.0,0.06410699041537939
0.2004686745622971,0.31705632408927836,0.4824750013484245
0.5361261194318591,0.34869322606852265,0.0
0.34630277617702176,0.1129731631978958,0.0
0.47086816335533194,0.0,0.48693953616798163
0.07750494849448408,0.7433621592651608,0.17913289224035517
0.0789241322990375,0.8245140665132138,0.09656180118774871
0.5228615014493023,0.033454294832296824,0.44368420371840084
0.1292209132412316,0.0,0.09558119673564942
0.43519773962002434,0.0,0.49615801382899133
0.21329907768470652,0.3396929916423023,0.0
0.0,0.4348350641670238,0.3518773236682803
0.12823920499902608,0.347522925950194,0.52423786905078
0.6418195168478324,0.16901846156818354,0.189162021583984
0.0,0.3693667139669192,0.5142838699852716
0.4853365088501837,0.0,0.4834315020590669
0.14655113466218195,0.40295114599911747,0.4504977193387006
0.0,0.12100216669672485,0.5432438332765969
0.23815256330625922,0.6981583566085429,0.0
0.24793049526427352,0.0,0.47833228780571074
0.17210217032502306,0.6908989466016899,0.0
0.13256583364343502,0.7732519978539385,0.0
0.7327809095185244,0.13287078816305814,0.0
0.0,0.22389965896566372,0.31262142733771164
0.6567160054621959,0.09794304085228249,0.24534095368552158
0.36086338958399544,0.0,0.1273358826011033
0.16933145355056473,0.0,0.5398053012297478
0.28917166468049693,0.47725264941556395,0.2335756859039391
0.2366885633540281,0.19473956773916198,0.5685718689068099
0.0,0.3072809839433262,0.3212902829372805
0.8415148579751257,0.0,0.045554125503626974
0.04440921396907149,0.36437397039310276,0.5912168156378258
0.43499179170981006,0.0,0.061722465665062606
0.8470050268536755,0.0,0.011204281941031026
0.17660953822318015,0.7203438443835262,0.10304661739329365
0.0,0.6032873575459573,0.11996259874807186
0.5657993161288662,0.35589615946276365,0.07830452440837007
0.0,0.8630884806622304,0.028669478978562195
0.01988455494833019,0.3854812507816072,0.5946341942700626
0.7397833611793404,0.0,0.1098261563247972
0.6598591272141525,0.0,0.2981909740987871
0.5285110647811271,0.0,0.46355005478157396
0.36320389204477527,0.2301346910924063,0.0
0.20111105094241233,0.6489350538883344,0.1499538951692533
0.4884796804075133,0.0,0.1999480482888823
0.0,0.528028676262974,0.4652631976911172
0.6937193704986799,0.27335066462064306,0.03292996488067706
0.35783575753766494,0.1476643946682176,0.4944998477941175
0.0,0.7762666839406321,0.15943574981020303
0.0,0.19037296416874322,0.34259167867965007
0.1124230452299515,0.8627197787489522,0.024857176021096283
0.38130527496975075,0.15297633763395393,0.46571838739629534
0.01006134539045389,0.24715835901760774,0.7427802955919384
0.06003732179213228,0.1311237107374522,0.8088389674704155
0.4510734496650619,0.4723861837403247,0.07654036659461337
0.6789185225758297,0.1986879459155181,0.0
0.0,0.2883519233571696,0.292041515469691
0.007107537791594582,0.7715854955761986,0.0
0.18853172064874157,0.009851955980984796,0.8016163233702737
0.08917871726353199,0.5068593747840437,0.40396190795242426
0.0,0.07626221458018745,0.08010543195199926
0.0,0.09034758923530019,0.3788622690928254
0.5439826329778807,0.299769588108724,0.0
0.2493181519648039,0.30803580962360616,0.44264603841158995
0.5857652073515262,0.11822703564632336,0.0
0.0609001242725793,0.1740678665431496,0.0
0.463095205480063,0.0,0.12705382947759603
0.8029960458417544,0.1271115994932618,0.0
0.0,0.10660815779321771,0.06915542499921452
0.0,0.06743042324471007,0.562201402003039
0.0026319772820899553,0.0,0.9695553954351104
0.15817722160957895,0.06739036148917801,0.0
0.3852690858247099,0.4805864165800717,0.0
0.169571186058313,0.0,0.33798434408793265
0.677666435761764,0.25325183785503014,0.0
0.1362477328774384,0.3973584205465111,0.4663938465760505
0.7702842404209467,0.17083486514346743,0.0
0.24610471146289367,0.0,0.21857237042437352
0.5151094668485562,0.0,0.2137888489806169
0.5078489123395882,0.0,0.37491376447383523
0.4495285554012949,0.046152534610197256,0.0
0.07473997133033977,0.40562062787323455,0.0
0.8351299496646373,0.02884860487413509,0.1360214454612276
0.23025797515699545,0.7487799679154129,0.0
0.0,0.538803819521778,0.303821174205932
0.0,0.17318708334059058,0.6240333090291637
0.17792095830426827,0.0,0.6846303286897232
0.0,0.5930192226224147,0.13609868190019359
0.3099754923987045,0.3429600148013354,0.3470644927999601
0.3295283442802963,0.022082664307618256,0.6483889914120854
0.1802997062426091,0.0,0.6199747542418182
0.3250282645499731,0.0,0.12389820536729879
0.7891239479850273,0.0,0.1532447139593679
0.0,0.8281875807899138,0.07278543280109552
0.4087609523618777,0.5215187848710012,0.06972026276712111
0.6066424041889761,0.0,0.1540213170522333
0.32659777632499787,0.0,0.048938240522939935
0.013923812307792272,0.6887037664744815,0.2973724212177262
0.3096219240413104,0.640584731181796,0.0
0.0,0.455984077472768,0.5041708613257576
0.42366411902133694,0.3762247001188183,0.20011118085984475
0.033266951461420405,0.37799295101249664,0.0
0.41392816822212386,0.04625892793150613,0.0
0.20527224297748206,0.09473007542204274,0.0
0.6534301944753635,0.02511070610841397,0.32145909941622247
0.014738624633935092,0.25229046401530814,0.0
0.5519045680149987,0.4429939540488716,0.0
0.08835026677024219,0.18378514689191536,0.0
0.057842352429938605,0.306220940077578,0.0
0.0,0.008185592726876073,0.9013497807417629
0.12323536117855408,0.0,0.6384996430997993
0.0,0.1764308667862073,0.7035789084829839
0.0,0.08941995783665069,0.7048797386083718
0.06075824713285449,0.04590579462545872,0.8933359582416868
0.1964918798204677,0.602549750987803,0.0
0.27741776045687994,0.2563182170128559,0.46626402253026417
0.0,0.29667041713081066,0.5475746265391536
0.3250406445887999,0.3438335975465282,0.0
0.41172810461085707,0.15279906694765047,0.43547282844149243
0.3161488082556173,0.09247128955572445,0.5913799021886582
0.04817801697455883,0.0,0.36378570120771103
0.10749132788376148,0.09221654653266098,0.8002921255835775
0.0,0.18494136271143205,0.3256502366475318
0.0,0.25413734608686,0.1376936714922075
0.5036611623263532,0.10752358892034854,0.38881524875329837
0.6349040686852788,0.0,0.28273973572482003
0.4253685567272433,0.3946853572876511,0.17994608598510564
0.4465830003043873,0.0,0.3816982740860822
0.07457597251003945,0.8652324284172167,0.06019159907274386
0.0,0.17136329454307456,0.10746401209141224
0.7310931778820582,0.0,0.14356355774514937
0.041678026329229935,0.0,0.5129979749354995
0.34433742371454173,0.0,0.12108965347805423
0.009588656627678365,0.8204122183435304,0.0
0.14631962171315,0.8075129750947142,0.0
0.31484878029306074,0.0,0.22830792703217828
0.2814970341698605,0.4727136826621924,0.0
0.34816461436481466,0.19019782289236584,0.0
0.2554964165791893,0.50587917987463,0.23862440354618064
0.2114177083814648,0.6075201567214704,0.1810621348970648
0.21876035124285975,0.7798556679678857,0.0013839807892544655
0.3888731076507068,0.0,0.40077641564601874
0.632467971167785,0.022531207669376788,0.3450008211628382
0.0,0.33656576912550906,0.4962250026693755
0.7236616609946734,0.09777023294433311,0.0
0.6239667487536258,0.2022221656097195,0.0
0.7278409422071235,0.08948043088219498,0.1826786269106816
0.17979578524205755,0.48866426772607047,0.0
0.0,0.5220024884543768,0.11755605620414757
0.7055318631104561,0.04880896144061916,0.2456591754489247
0.4503557446601113,0.021203295012346596,0.0
0.08417504214947756,0.5798751305016834,0.0
0.13807987037192226,0.5977462852587508,0.2641738443693269
0.0,0.467440667351986,0.01944954304935614
0.8851344593347571,0.025771633588608664,0.0
0.26121837750288923,0.41273830319727384,0.32604331929983693
0.127978391790308,0.24637610298460022,0.6256455052250918
0.0,0.27722122531600396,0.4102058496067526
0.0,0.3994729467120611,0.30706383606872467
0.7268524968136381,0.0,0.060370082498998466
0.6860623435384694,0.27724996727553874,0.0
0.0,0.22501326945068809,0.4762802364460298
0.039302262824968855,0.0,0.687786134901395
0.22411536712760605,0.7416374996463847,0.03424713322600923
0.14121298490386702,0.8422617783982552,0.016525236697877792
0.06994081839138946,0.1981083104753806,0.0
0.0,0.38403830750422047,0.33407549860312075
0.1526684077659316,0.0,0.5412995952472069
0.039955738396624585,0.7800516499140342,0.1799926116893412
0.5172889264259346,0.0,0.18521130876003386
0.0,0.5324475741267365,0.1518919137696811
0.0,0.5383127585490477,0.442605173051095
0.3106537529161021,0.0,0.3605961734160217
0.5746948973712045,0.35147662376966243,0.07382847885913313
0.5342574500802098,0.31849556703084686,0.14724698288894342
0.0,0.11009165423729222,0.1984331232717016
0.9761645377862218,0.01548893697598392,0.008346525237794309
0.34277426937125943,0.17775989553536317,0.4794658350933774
0.32601484436245026,0.0,0.5510499088332425
0.0,0.8173201604605042,0.039106393775079934
0.03820180952625424,0.14109985751242723,0.0
0.2450278789292727,0.32690158092659355,0.42807054014413376
0.0,0.220653741679215,0.1721351652586923
0.23801787108133757,0.0,0.7320729930982491
0.3234254148568414,0.08567726130670959,0.0
0.20839453153892273,0.46532305392818574,0.32628241453289153
0.13282795576423692,0.0,0.43834483959987763
0.19902476569849414,0.051429699926878465,0.7495455343746273
0.14927736644384995,0.49279630258804175,0.0
0.12842495887824168,0.3281213627738135,0.5434536783479449
0.29766706512772795,0.18262360241418657,0.0
0.5412320076344684,0.4104989695404159,0.0
0.29274498989872677,0.5764445348124818,0.1308104752887914
0.13046383185467614,0.2789792850951486,0.5905568830501753
0.6987639271040188,0.0,0.22304418275465843
0.0,0.060419740589550235,0.9389943932682839
0.5267710220263786,0.3127419809327638,0.1604869970408576
0.46437661219523385,0.2312184831512622,0.30440490465350395
0.37421857924350704,0.0,0.12621432008655128
0.0,0.2779413275095833,0.23476846580412228
0.23681932575609765,0.3162828841893714,0.44689779005453095
0.003244000195713359,0.5235791448872485,0.47317685491703815
0.004872828683311181,0.3161741283029065,0.6789530430137823
0.0,0.6501275358870334,0.07566391581400979
0.46776249405981807,0.3316292811447269,0.0
0.07265403235814627,0.11485817927995455,0.8124877883618992
0.03411519400422025,0.3964391830577246,0.5694456229380551
0.5484907228754388,0.2514607418713769,0.2000485352531844
0.050373577844015305,0.6766351765341234,0.0
0.8795426002015373,0.03305646546832863,0.0
0.4493621184166571,0.34219854044839054,0.2084393411349524
0.35961972270286774,0.3035612801013943,0.0
0.007215480825769505,0.020114934422073745,0.9726695847521567
0.24767536360700815,0.0,0.7448198236462454
0.04810357140853727,0.1127856885572938,0.839110740034169
0.1064406316153036,0.19371843992928958,0.6998409284554068
0.1424409719749011,0.0,0.37633691953822596
0.2273144729853358,0.0,0.33912182004962454
0.0,0.34840990899883345,0.39137576347994246
0.0,0.7481093448042412,0.0007413576471968892
0.11508704584619961,0.0,0.5959001687765859
0.0,0.7232580751974159,0.0746581358901306
0.3609984173470391,0.3512421720711261,0.2877594105818348
0.0,0.5807182207250023,0.2848302512368704
0.2608173842804399,0.3167204296143348,0.0
0.12755842803816944,0.0,0.44748678492021393
0.00864230737050828,0.0,0.34804517754006153
0.025470815347108426,0.40893937103083466,0.0
0.8223511440141699,0.09988574470876435,0.0
0.33195633482500453,0.08474718294785628,0.5832964822271391
0.06995485891478208,0.0,0.4074001311637063
0.1285981982906006,0.8550861309828746,0.016315670726524883
0.459723950721846,0.0,0.28457513285736913
0.05668374037848081,0.08876732157464995,0.0
0.43753981710994405,0.5549784508834015,0.007481732006654506
0.5792846435874475,0.03720754833607388,0.3835078080764786
0.789209077073062,0.0,0.020650701520023025
0.41744258488622626,0.10699143444342482,0.0
0.09605893812728165,0.15878764162207187,0.0
0.0,0.1359220570226503,0.09846008649018059
0.0,0.4698664167921821,0.2928440774051345
0.13725482828501853,0.0,0.010133962686648032
0.7838157657120584,0.1374833785055452,0.0
0.0,0.0011554087683052316,0.3930490042679717
0.22117631315205255,0.2952715778557731,0.4835521089921743
0.3331506706828403,0.43263510953588724,0.23421421978127244
0.0,0.021357136343633523,0.6441137655235348
0.25251569279271247,0.01543419498492005,0.0
0.8268536379447691,0.0,0.06911078669061545
0.5365900163216238,0.0,0.4084245257639743
0.8950396866228552,0.0739337171593562,0.031026596217788697
0.5773841274903204,0.0630476040377736,0.359568268471906
0.04926124051058123,0.5071121043155438,0.443626655173875
0.25872163609069354,0.499261144522008,0.24201721938729845
0.6126505734505212,0.17672713288136235,0.2106222936681165
0.5496773905196866,0.0697933298354906,0.3805292796448228
0.6140741669467756,0.19832120738589148,0.0
0.1239644076638549,0.7273973381568468,0.0
0.02668835914392833,0.0,0.7475382282191868
0.0,0.2842359682413983,0.6920572151377165
0.00042874124850875845,0.7024678398086031,0.0
0.45202927802433945,0.004100462779165959,0.5438702591964946
0.0,0.5795668085406106,0.11125365292227667
0.0,0.19542278169600452,0.40429906521855546
0.4453063548747773,0.028419190852583966,0.0
0.1264453184337141,0.0,0.08794509492504611
0.18753801669242479,0.4059369141724974,0.0
0.15654914327523373,0.49607254119635513,0.34737831552841114
0.0,0.08619894828613339,0.049586923126152406
0.3372945501914635,0.46209277760535467,0.20061267220318185
0.47692244538875805,0.0,0.3255795181290071
0.16222352335951729,0.0,0.6190601057882508
0.49627817405271774,0.0,0.38499842037647497
0.09971131537722999,0.7939710884773327,0.10631759614543736
0.15637341144355354,0.5625582899429206,0.2810682986135259
0.16935462843825674,0.1512661696156896,0.0
0.3107812799957036,0.22164178375341312,0.4675769362508833
0.7100763656351199,0.06671572848505626,0.0
0.5044537975027439,0.1212240466665288,0.37432215583072737
0.20397330554017937,0.0023076137101878474,0.0
0.46652940187805336,0.0,0.006323980129569451
0.3255414010240222,0.15005506806777022,0.5244035309082076
0.11910403620841922,0.5242701310182428,0.0
0.07088443132344893,0.0,0.34943328342000757
0.0,0.6504710398167632,0.25750227624681626
0.4024355337876808,0.0,0.5596905851472146
0.5512814701255193,0.14556683269657558,0.30315169717790513
0.03585638229192134,0.7697248408144773,0.19441877689360126
0.8663551004520531,0.12799083931195218,0.005654060235994752
0.8418142012640503,0.0,0.11993549211097003
0.0,0.8258273123701777,0.14984106883365528
0.08526564208536552,0.0,0.02451533539217928
0.1292330723915368,0.0,0.7442766852968064
0.08531857994987015,0.899669527881815,0.0
0.04821104292086986,0.4929111094292216,0.4588778476499085
0.014753756060844947,0.3314182035400365,0.6538280403991186
0.25816207585643125,0.11648746898000907,0.6253504551635597
0.0,0.27626279811168175,0.003301398246486165
0.0,0.6932726317675931,0.22856748333102644
0.0,0.06736286645257551,0.7161090576193797
0.0,0.158956880902801,0.6250946124241928
0.0,0.01951180608925438,0.6264399025226868
0.6800062404594022,0.07619609788735884,0.0
0.1598221164915778,0.2320704441498747,0.0
0.1399011530259151,0.22117482621271034,0.6389240207613746
0.0,0.12518501056212963,0.1487078651238625
0.14572793148564667,0.2737556579558232,0.5805164105585301
0.6602150218877978,0.26118522915669484,0.0
0.0,0.29292321463505927,0.3944403555114013
0.5831304862498415,0.13089357921087486,0.0
0.26213364376795156,0.0,0.29662773009577414
0.3438140427716685,0.6407968365738664,0.0
0.7464739457104596,0.10975293693195404,0.0
0.39255572000359984,0.565284166841596,0.0421601131548042
0.21144336150987234,0.0,0.2066563708901916
0.0,0.08456796615035485,0.38402523930837923
0.0,0.23573138221282516,0.4453870260761082
0.6893112434712682,0.0,0.2815483757911346
0.0,0.243225653448468,0.6135977506208408
0.05794661473133475,0.40599707601049423,0.0
0.07287480164818194,0.5688890606776331,0.35823613767418494
0.3850199003140987,0.1710980116999477,0.4438820879859536
0.07711204214567913,0.09183625109091455,0.8310517067634063
0.0,0.19357882418421873,0.2980507090835976
0.7343600297424033,0.05218978554987534,0.0
0.037362743250978325,0.23227806640591195,0.7303591903431097
0.030829090952931192,0.0,0.4770035676540101
0.3755159507965654,0.4569061720388713,0.0
0.1593177427541582,0.0,0.8343183173589719
0.611930048518307,0.2368807388366182,0.15118921264507473
0.0,0.06218107247137233,0.23514415468009964
0.1789061001049781,0.6748412462671,0.1462526536279219
0.41713127743116085,0.18042322916765596,0.4024454934011832
0.14652508360270286,0.0,0.12039152765742668
0.31057587953161647,0.3881531980867741,0.3012709223816094
0.0,0.4576391783484149,0.41056049894014285
0.4660314612121902,0.34981020734367757,0.18415833144413224
0.45722711829177287,0.12160522142771335,0.0
0.080380839343279,0.900530846067576,0.01908831458914491
0.07073125943811598,0.0,0.6504288561128538
